id,nombre,apellido,dni,email,email_verificado,dias_antiguedad_cuenta,pais_emision,paso_3d_secure
1,Vera,Cortina Chamorro,32090434Y,vera.cortina1@example.com,1,370,ES,0
2,Françoise,Espinosa Azorin,88803830W,francoise.espinosa2@example.com,1,363,ES,0
3,Victorino,Alcalá Arteaga,98488133V,victorino.alcala3@example.com,1,591,ES,0
4,Hortensia,Martin Pellicer,79194582Q,hortensia.martin4@example.com,1,121,CN,1
5,Juanito,Sureda Baena,80341994G,juanito.sureda5@example.com,1,1045,ES,0
6,Verónica,Nevado Núñez,93634345B,veronica.nevado6@example.com,1,833,FR,0
7,Araceli,Vallés Cantón,41204829F,araceli.valles7@example.com,1,744,US,0
8,Celestina,Santamaría Barba,49052914D,celestina.santamaria8@example.com,1,392,BR,0
9,Alba,Gargallo Bernat,33214323T,alba.gargallo9@example.com,0,387,ES,0
10,Diego,Sacristán Pujol,41836531Z,diego.sacristan10@example.com,0,726,ES,0
11,Leandro,Guillen Clemente,97386755V,leandro.guillen11@example.com,1,23,US,0
12,Larry,Acevedo Mateos,70204055M,larry.acevedo12@example.com,0,779,DE,0
13,Miriam,Mate Morales,69214364G,miriam.mate13@example.com,1,860,ES,0
14,Constance,Leiva Lumbreras,50584068F,constance.leiva14@example.com,1,748,ES,0
15,Roxana,Berrocal Pazos,94328870M,roxana.berrocal15@example.com,1,180,US,0
16,Antonio,Mulet Barreda,63922862C,antonio.mulet16@example.com,1,725,US,0
17,Alejandro,Correa Sarabia,43124670S,alejandro.correa17@example.com,1,1052,BR,0
18,Ainara,Hernando Pina,77809237F,ainara.hernando18@example.com,1,258,ES,1
19,Freddy,Valenciano Álvarez,13209211N,freddy.valenciano19@example.com,1,733,ES,1
20,Lucy,Vergara Cuesta,12598049Y,lucy.vergara20@example.com,1,747,ES,0
21,Marcial,Martín Saldaña,73474096K,marcial.martin21@example.com,1,1184,BR,0
22,Gregorio,Carreras Oller,40123446S,gregorio.carreras22@example.com,0,386,FR,0
23,Alberto,Fortuny Paniagua,10599806A,alberto.fortuny23@example.com,1,797,ES,1
24,Jonas,Verdejo Bou,70251589K,jonas.verdejo24@example.com,0,79,RU,1
25,Rosenda,Rueda Vallés,55616409V,rosenda.rueda25@example.com,1,132,FR,0
26,Cayetana,Blanes Zamorano,67698822R,cayetana.blanes26@example.com,1,942,US,1
27,Tristán,Zaragoza Expósito,86611373C,tristan.zaragoza27@example.com,1,94,IN,0
28,Obdulia,Portero Delgado,58622752F,obdulia.portero28@example.com,1,830,FR,0
29,Rosalinda,Ramirez Lluch,62197701C,rosalinda.ramirez29@example.com,1,1139,ES,0
30,Paca,Morera Carretero,59755157F,paca.morera30@example.com,1,1066,FR,0
31,Juan Antonio,Alegria Amat,30157725X,juan antonio.alegria31@example.com,1,425,GB,0
32,Eladio,Malo Portero,75084837A,eladio.malo32@example.com,1,822,ES,0
33,Mamen,Garzón Atienza,46195475K,mamen.garzon33@example.com,1,302,ES,1
34,Noël,Pol Salas,64990011S,noël.pol34@example.com,1,1181,US,1
35,Diana,Agudo Verdugo,36284967Y,diana.agudo35@example.com,1,380,RU,0
36,Simón,Muñoz Bueno,69419584H,simon.munoz36@example.com,1,1462,FR,0
37,Arsenio,Cal Blasco,96096188A,arsenio.cal37@example.com,0,410,RU,0
38,Emiliana,Granados Cuadrado,89061272M,emiliana.granados38@example.com,1,1162,ES,0
39,Jessica,Badía Rosselló,59215319W,jessica.badia39@example.com,1,217,MX,0
40,Nicolas,Calvet Quero,18050983P,nicolas.calvet40@example.com,1,1460,ES,1
41,Florentino,Viñas Gabaldón,55332625F,florentino.vinas41@example.com,1,1260,ES,0
42,Elizabeth,Francisco Lumbreras,45808442D,elizabeth.francisco42@example.com,1,933,GB,0
43,Cristian,Quevedo Lillo,67168691C,cristian.quevedo43@example.com,1,480,IN,0
44,Mirta,Portero Mínguez,82329992C,mirta.portero44@example.com,1,154,US,1
45,Berto,Orozco Berrocal,50454530M,berto.orozco45@example.com,1,352,US,0
46,José Luis,Adán Mayo,19804017M,jose luis.adan46@example.com,1,297,ES,0
47,Elisa,Collado Pereira,98756112T,elisa.collado47@example.com,1,1000,ES,0
48,Albert,Iriarte Pinedo,59942931D,albert.iriarte48@example.com,1,1205,ES,0
49,Eva,Correa Perales,61051404C,eva.correa49@example.com,1,113,DE,1
50,Natalia,Zapata Carvajal,58355903G,natalia.zapata50@example.com,1,885,ES,0
51,Heraclio,Arnau Andrés,71846023A,heraclio.arnau51@example.com,1,1411,RU,0
52,Nicanor,Sanjuan Torrens,66242242B,nicanor.sanjuan52@example.com,1,875,ES,0
53,Rolando,Almagro Landa,17383475Y,rolando.almagro53@example.com,1,1012,ES,1
54,Vera,Planas Abad,72512050L,vera.planas54@example.com,1,159,FR,1
55,Felix,Gutierrez Plaza,80359402R,felix.gutierrez55@example.com,1,1393,US,0
56,Fabia,Jordá Amat,73646722D,fabia.jorda56@example.com,1,1414,ES,0
57,Rosario,Palomar Delgado,41878187V,rosario.palomar57@example.com,1,1065,ES,1
58,Brent,Carro Zabala,75869200C,brent.carro58@example.com,1,272,GB,0
59,Yaiza,Fabregat Lobo,44542810K,yaiza.fabregat59@example.com,1,783,ES,0
60,Graziano,Ribera Torre,22295875C,graziano.ribera60@example.com,1,1186,IN,0
61,Petrona,Pereira Mínguez,42505831Z,petrona.pereira61@example.com,1,778,GB,0
62,Claudine,Busquets Ávila,15688985H,claudine.busquets62@example.com,1,521,ES,0
63,Jose Luis,Bertrán Padilla,39737967Q,jose luis.bertran63@example.com,0,1397,IT,0
64,Jenny,Cózar Valentín,46370959S,jenny.cozar64@example.com,0,747,US,0
65,Adriana,Gil Chacón,28038840T,adriana.gil65@example.com,1,1168,RU,0
66,Romana,Contreras Uribe,79523981D,romana.contreras66@example.com,1,807,IT,0
67,Francisco,Rios Alberto,65177316P,francisco.rios67@example.com,0,1016,RU,1
68,Angela,Sevillano Acedo,37159146R,angela.sevillano68@example.com,1,749,US,0
69,Henri,Ruiz Rivas,60713966S,henri.ruiz69@example.com,1,1125,ES,0
70,Nicolasa,Montserrat Barberá,38760157M,nicolasa.montserrat70@example.com,1,655,GB,0
71,Peggy,Rosado Sancho,31893691M,peggy.rosado71@example.com,1,1381,JP,1
72,Hugues,Escolano Camacho,20326493J,hugues.escolano72@example.com,1,1076,JP,0
73,Desiderio,Gracia Cózar,71938816Z,desiderio.gracia73@example.com,1,235,CN,1
74,Carmelo,Maldonado Berenguer,77148634X,carmelo.maldonado74@example.com,1,465,ES,0
75,Remigio,Osuna Fernandez,79848835B,remigio.osuna75@example.com,1,375,FR,0
76,Severino,Cabezas Poza,48061321S,severino.cabezas76@example.com,1,1454,ES,1
77,Jeanne,Durán Villaverde,37393452Y,jeanne.duran77@example.com,0,881,ES,0
78,Abril,Aznar Porras,97950897S,abril.aznar78@example.com,1,259,BR,0
79,Caridad,Portero Serna,79649188G,caridad.portero79@example.com,0,379,ES,0
80,Jose,Acedo Hernando,80410435C,jose.acedo80@example.com,1,1446,ES,0
81,María Belén,Carbonell Barón,50876468P,maria belen.carbonell81@example.com,1,516,CN,0
82,Rosa,Aranda Revilla,64739511P,rosa.aranda82@example.com,1,795,BR,0
83,Tomás,Lamas Prieto,33403384R,tomas.lamas83@example.com,1,1126,MX,0
84,Lucho,Figueroa Ochoa,38780707Q,lucho.figueroa84@example.com,1,1097,RU,0
85,Rodolfo,León Vilaplana,97004203R,rodolfo.leon85@example.com,1,184,IN,0
86,Nydia,Jimenez Roig,26638297L,nydia.jimenez86@example.com,1,1469,DE,0
87,Roxana,Iriarte Juan,60799781V,roxana.iriarte87@example.com,1,319,PT,0
88,Cruz,Larrañaga Angulo,41667083F,cruz.larranaga88@example.com,1,504,CN,0
89,Sharon,Campoy Torrecilla,96062882R,sharon.campoy89@example.com,1,137,ES,0
90,Amando,Pujadas Anaya,29764510A,amando.pujadas90@example.com,1,694,PT,1
91,Juan Manuel,Comas Tudela,73355787R,juan manuel.comas91@example.com,0,121,ES,0
92,Úrsula,Aguado Romero,88940096Q,ursula.aguado92@example.com,1,657,ES,0
93,Juanito,Rius Aguilar,27195603N,juanito.rius93@example.com,1,1088,US,0
94,Brígida,Bravo Yuste,71593553G,brigida.bravo94@example.com,0,1060,ES,0
95,Nicholas,Ferrández Tolosa,65017059S,nicholas.ferrandez95@example.com,1,1260,ES,0
96,Fabia,Lopez Roda,62481426V,fabia.lopez96@example.com,1,913,US,1
97,Albino,Noriega Castells,49215869D,albino.noriega97@example.com,1,696,RU,0
98,Juan Antonio,Arenas Bastida,46615937C,juan antonio.arenas98@example.com,0,1366,JP,0
99,Severino,Bauzà Gutiérrez,51016277T,severino.bauzà99@example.com,1,591,IT,0
100,Magdalena,Oliveras Abascal,72308524C,magdalena.oliveras100@example.com,1,473,ES,0
101,Dorita,Díez Piñol,50656156J,dorita.diez101@example.com,1,354,US,1
102,Guy,Roma Lamas,47941176E,guy.roma102@example.com,1,1102,ES,0
103,Lisandro,Escobar Azorin,46502299W,lisandro.escobar103@example.com,1,354,ES,1
104,Eligia,Sans Hernando,92085678A,eligia.sans104@example.com,0,717,ES,0
105,Isabella,Aragón Villena,53250673S,isabella.aragon105@example.com,1,543,ES,0
106,Ana,Escrivá Peral,75416541R,ana.escriva106@example.com,1,1206,ES,0
107,Cristian,Nebot Fábregas,81360212N,cristian.nebot107@example.com,1,1004,IT,0
108,Che,Salas Oliveras,34968506L,che.salas108@example.com,1,1000,US,0
109,Eusebia,Font Pla,82933021N,eusebia.font109@example.com,1,1423,MX,0
110,Krystal,Vélez Contreras,61292769T,krystal.velez110@example.com,0,1092,ES,0
111,Raimundo,Camino Vilanova,94379375W,raimundo.camino111@example.com,1,989,MX,0
112,Matthieu,Feijoo Prado,42583354G,matthieu.feijoo112@example.com,1,1265,RU,0
113,Sosimo,Casals Palacios,80033690S,sosimo.casals113@example.com,1,1410,ES,0
114,Aitor,Jordán Roma,94134221M,aitor.jordan114@example.com,1,95,US,0
115,Augusto,Menéndez Otero,63908062D,augusto.menendez115@example.com,1,1408,DE,0
116,Custodio,Tudela Alcalá,47690253Y,custodio.tudela116@example.com,1,723,ES,0
117,Justin,Acosta Paniagua,82369674G,justin.acosta117@example.com,1,1019,US,0
118,Domitila,Cerdá Sarabia,97079021T,domitila.cerda118@example.com,1,798,DE,0
119,Carmela,Bárcena Antón,78258995T,carmela.barcena119@example.com,1,723,RU,1
120,Ulises,Alberdi Diego,38370759C,ulises.alberdi120@example.com,1,902,ES,1
121,Gema,Cadenas Tejedor,95120970P,gema.cadenas121@example.com,1,359,ES,0
122,Moreno,Urrutia Fabregat,64924195W,moreno.urrutia122@example.com,1,646,GB,0
123,Emilia,Heredia Sancho,71797933Y,emilia.heredia123@example.com,1,1318,ES,1
124,Isabelle,Manso Arias,95807515A,isabelle.manso124@example.com,1,412,ES,0
125,Lisandro,Bermejo Murcia,14263914G,lisandro.bermejo125@example.com,1,145,ES,0
126,Pepe,Boix Marí,21634374E,pepe.boix126@example.com,1,846,MX,0
127,Haroldo,Mora Elías,95863004Q,haroldo.mora127@example.com,1,914,US,0
128,Tere,Llopis Cañellas,48274196W,tere.llopis128@example.com,1,178,MX,1
129,Socorro,Sanjuan Quintanilla,60598884W,socorro.sanjuan129@example.com,1,558,ES,0
130,Paul,Saez Aznar,73675780H,paul.saez130@example.com,0,1358,ES,0
131,Bernardo,Rocamora Valero,28260375E,bernardo.rocamora131@example.com,1,977,ES,0
132,Lourdes,Blasco Reguera,86912569P,lourdes.blasco132@example.com,1,319,RU,0
133,Luís,Guerrero Cuéllar,43656272H,luis.guerrero133@example.com,0,582,ES,0
134,Gino,Salom Gonzalez,11378351K,gino.salom134@example.com,1,482,IN,0
135,Amancio,Cornejo Iglesias,40480395G,amancio.cornejo135@example.com,1,401,DE,0
136,Macarena,Paredes Cortés,14584226H,macarena.paredes136@example.com,1,1212,ES,0
137,Pili,Franco Alberola,55888522V,pili.franco137@example.com,1,1074,IT,0
138,Jennifer,Rico Verdugo,14913325X,jennifer.rico138@example.com,1,1469,FR,1
139,María José,Salmerón Sanmartín,50918903P,maria jose.salmeron139@example.com,1,445,ES,0
140,Juan Francisco,Larrañaga Tamayo,40997654Q,juan francisco.larranaga140@example.com,1,783,ES,0
141,Alex,Barrera Ugarte,51762550S,alex.barrera141@example.com,1,1450,US,0
142,Florencia,España Ariza,31030454G,florencia.espana142@example.com,0,602,GB,0
143,Inmaculada,Pareja Sevillano,21062800K,inmaculada.pareja143@example.com,1,1046,US,0
144,Morena,Bayo Niño,29450508C,morena.bayo144@example.com,1,1041,GB,0
145,Benita,Ocaña Mas,86704742D,benita.ocana145@example.com,1,322,CN,1
146,Enrique,Marí Alcaraz,56017425M,enrique.mari146@example.com,0,202,ES,1
147,Patricio,Guitart Paz,96818720J,patricio.guitart147@example.com,1,733,BR,0
148,Lupita,Pol Olivera,38019349G,lupita.pol148@example.com,1,813,ES,1
149,Luciana,Bravo Agullo,37671135X,luciana.bravo149@example.com,1,37,GB,0
150,Rebecca,Solé Domingo,49269091D,rebecca.sole150@example.com,0,1156,ES,0
151,Teresa,Segovia Cardona,69735584K,teresa.segovia151@example.com,1,409,ES,1
152,Adriana,Falcón Alberto,15933358Q,adriana.falcon152@example.com,1,1356,US,0
153,Rosendo,Anaya Coll,74343361R,rosendo.anaya153@example.com,1,273,GB,0
154,Visitación,Menendez Calatayud,72225627S,visitacion.menendez154@example.com,1,826,ES,1
155,Javiera,Prado Tejero,66076431F,javiera.prado155@example.com,1,833,US,0
156,Fortunato,Torralba Villalobos,22588983Q,fortunato.torralba156@example.com,1,1066,ES,0
157,Dan,Saez Pazos,94715941D,dan.saez157@example.com,1,453,BR,0
158,Rosalina,Antúnez Zurita,24772796W,rosalina.antunez158@example.com,1,846,ES,1
159,Marcelle,Pino Barroso,84578208D,marcelle.pino159@example.com,1,1489,PT,0
160,Étienne,Sosa Cobo,61889052P,etienne.sosa160@example.com,0,32,ES,0
161,Magdalena,Verdú Amorós,36356077T,magdalena.verdu161@example.com,1,59,ES,0
162,Clotilde,Maldonado Leiva,35911836G,clotilde.maldonado162@example.com,0,34,ES,0
163,Marcelo,Revilla Gomila,86584553H,marcelo.revilla163@example.com,1,793,ES,1
164,Catalina,Gámez Estrada,29420390D,catalina.gamez164@example.com,1,1429,US,0
165,Candelario,Murillo Codina,93779275H,candelario.murillo165@example.com,1,522,ES,0
166,Verónica,Cuesta Benavente,61603649N,veronica.cuesta166@example.com,1,266,PT,1
167,Guadalupe,Lloret Conesa,12831235H,guadalupe.lloret167@example.com,1,503,GB,0
168,Arturo,Jordán Urrutia,31910056V,arturo.jordan168@example.com,0,305,ES,0
169,Almudena,Cabezas Gual,95703410L,almudena.cabezas169@example.com,1,486,ES,0
170,Aroa,Cañas Sevillano,77343283X,aroa.canas170@example.com,1,1341,US,0
171,Michael,Roig Asenjo,64551091G,michael.roig171@example.com,1,468,CN,0
172,Pepito,Mur Benavent,28169934V,pepito.mur172@example.com,1,1196,PT,0
173,Roldán,Palacios Llabrés,70052727V,roldan.palacios173@example.com,1,687,ES,0
174,Corona,Crespo Pardo,56994833M,corona.crespo174@example.com,1,1395,ES,0
175,Anabel,Arana Leal,16621166D,anabel.arana175@example.com,1,1202,ES,0
176,Ivan,Soto Mariscal,55614291S,ivan.soto176@example.com,1,921,FR,0
177,Sebastian,Cadenas Benavent,80358625Y,sebastian.cadenas177@example.com,1,1144,GB,1
178,Gustavo,Mendizábal Morante,67876130W,gustavo.mendizabal178@example.com,1,1146,RU,0
179,Juan Manuel,Canals Noguera,56709663N,juan manuel.canals179@example.com,1,1375,ES,0
180,Nilda,Roma Llopis,83229770S,nilda.roma180@example.com,1,216,IT,1
181,Íngrid,Araujo Ordóñez,19683299Z,ingrid.araujo181@example.com,1,1483,ES,1
182,Océane,Zamora Roca,24225719A,oceane.zamora182@example.com,1,1348,CN,0
183,Dörthe,Macías Chamorro,76412737K,dorthe.macias183@example.com,1,1205,ES,0
184,Gustavo,Infante Duque,76391396R,gustavo.infante184@example.com,1,1356,FR,1
185,Eustaquio,Campos Rosa,66813004M,eustaquio.campos185@example.com,1,1403,ES,0
186,Klaus-Dieter,Pinilla Riquelme,51851238S,klaus-dieter.pinilla186@example.com,0,792,CN,0
187,Marcos,Arregui Machado,58575526T,marcos.arregui187@example.com,0,742,ES,0
188,Perlita,Borrego Cañellas,54713894E,perlita.borrego188@example.com,1,200,ES,0
189,Pepe,Castillo Zamora,17790598Y,pepe.castillo189@example.com,0,1083,RU,0
190,Fausto,Ruano Conesa,38440300D,fausto.ruano190@example.com,1,232,ES,1
191,Anselma,Silva Aramburu,50580702E,anselma.silva191@example.com,1,1142,ES,0
192,Miguel,Roman Pino,17874120S,miguel.roman192@example.com,0,387,DE,0
193,Antonia,Burgos Pulido,54253281F,antonia.burgos193@example.com,1,793,ES,1
194,Eladio,Cobo Seco,57224575T,eladio.cobo194@example.com,1,1359,ES,0
195,Dominique,Marín Gallo,31773704D,dominique.marin195@example.com,1,1191,GB,0
196,María Pilar,Mena Pedraza,95380512H,maria pilar.mena196@example.com,1,1143,ES,0
197,Silvia,Bermejo Méndez,13377301H,silvia.bermejo197@example.com,1,707,GB,0
198,Haroldo,Landa Tolosa,96561410G,haroldo.landa198@example.com,1,810,ES,1
199,Humberto,Cadenas Rivas,20034950H,humberto.cadenas199@example.com,0,1310,ES,0
200,Aleksej,Giralt Menéndez,59020306Y,aleksej.giralt200@example.com,1,231,ES,1
201,Adela,Gibert Lucas,57967611K,adela.gibert201@example.com,0,1190,US,0
202,Felicia,Barrena Melero,98834655K,felicia.barrena202@example.com,1,1142,MX,0
203,María Fernanda,Castell Tur,97316465S,maria fernanda.castell203@example.com,1,101,ES,0
204,Mónica,Ferrando Estrada,52029297P,monica.ferrando204@example.com,1,35,ES,1
205,Rosario,Figueroa Rosado,17077074B,rosario.figueroa205@example.com,1,1347,JP,1
206,Jérôme,Beltrán Arnaiz,25130358Y,jerôme.beltran206@example.com,1,762,ES,0
207,Rico,Vallés Diez,47531583J,rico.valles207@example.com,1,31,ES,0
208,Alejandro,Hidalgo Calzada,62823149Y,alejandro.hidalgo208@example.com,1,244,US,1
209,Victoria,Lucas Saez,43650173Z,victoria.lucas209@example.com,0,351,GB,0
210,Esther,Porcel Cañellas,27098163T,esther.porcel210@example.com,1,1268,ES,0
211,Bradley,Marqués Pina,55388824V,bradley.marques211@example.com,1,825,MX,0
212,Donato,Ferrando Verdú,59075399Z,donato.ferrando212@example.com,1,280,ES,1
213,Jordi,Correa Blanca,23472322V,jordi.correa213@example.com,1,175,ES,0
214,Imelda,Laguna Benítez,97061027S,imelda.laguna214@example.com,1,436,IT,0
215,Irene,Seco Agullo,74573515V,irene.seco215@example.com,1,83,GB,0
216,Panfilo,Vargas Conde,33343994C,panfilo.vargas216@example.com,0,747,ES,0
217,Hermenegildo,Bautista Roura,23243928J,hermenegildo.bautista217@example.com,1,1487,FR,0
218,Goyo,Angulo Bermejo,70168950K,goyo.angulo218@example.com,1,458,CN,0
219,Horacio,Hernandez Cabañas,16894845B,horacio.hernandez219@example.com,1,501,MX,1
220,Ilona,Mariño Gomis,64208522C,ilona.marino220@example.com,1,328,PT,0
221,Alfonso,Alcázar Girona,35709963W,alfonso.alcazar221@example.com,1,839,ES,1
222,Isidoro,Villalonga Cobo,94401379H,isidoro.villalonga222@example.com,1,1393,DE,1
223,Adelia,Pombo Clavero,31484989J,adelia.pombo223@example.com,1,899,ES,0
224,Amalia,Rueda Torrent,70531774C,amalia.rueda224@example.com,1,594,ES,0
225,Vanesa,Benavente Carbonell,70956304Q,vanesa.benavente225@example.com,1,801,FR,0
226,Eric,Ruiz Ferrán,91938761X,eric.ruiz226@example.com,1,1479,GB,0
227,Iolanda,Escudero Morán,88494892T,iolanda.escudero227@example.com,1,175,US,0
228,Bernardita,Cervantes Iglesia,86435177G,bernardita.cervantes228@example.com,0,855,US,0
229,Pacífica,Menéndez Melero,89251589C,pacifica.menendez229@example.com,1,185,ES,0
230,Wilfredo,Lara Perez,83668056J,wilfredo.lara230@example.com,1,392,ES,0
231,Marco,Patiño Cabo,35925586T,marco.patino231@example.com,1,1075,ES,0
232,Santiago,Gálvez Galán,63698158A,santiago.galvez232@example.com,0,601,BR,0
233,Juan Bautista,Plana Cerezo,15121796D,juan bautista.plana233@example.com,0,971,ES,0
234,Donna,Marín Chaparro,61606508L,donna.marin234@example.com,1,845,ES,0
235,Viviana,Piña Gonzalo,58271679Y,viviana.pina235@example.com,1,1095,ES,0
236,Purificación,Angulo Ferrándiz,17482411L,purificacion.angulo236@example.com,1,1499,ES,1
237,Bienvenida,Alberola Riquelme,97874371X,bienvenida.alberola237@example.com,1,550,BR,1
238,Carmen,Mulet Santos,92135136B,carmen.mulet238@example.com,1,486,ES,1
239,Roberta,Fuertes Bustos,51772496W,roberta.fuertes239@example.com,0,1472,ES,1
240,Rosalía,Camacho Castilla,87299361D,rosalia.camacho240@example.com,1,1185,ES,0
241,Irma,Colomer Esteban,47992339X,irma.colomer241@example.com,1,1177,DE,0
242,Juan Manuel,Alberola Zabala,91001091G,juan manuel.alberola242@example.com,0,772,ES,0
243,Jose Angel,Barragán Iglesia,51204355F,jose angel.barragan243@example.com,1,1238,ES,0
244,Sabrina,Noguera Valenciano,80581697R,sabrina.noguera244@example.com,1,104,ES,0
245,Paz,Roig Calzada,26489179X,paz.roig245@example.com,1,265,ES,0
246,Fidel,Hernandez Echevarría,79339131X,fidel.hernandez246@example.com,1,326,IN,0
247,Thierry,Antúnez Adán,43017013K,thierry.antunez247@example.com,0,96,ES,0
248,Andrew,Maza Clavero,50185855Q,andrew.maza248@example.com,1,1289,DE,0
249,Javier,Salvador Acosta,52805763V,javier.salvador249@example.com,1,251,ES,0
250,Pacífica,Guerrero Navas,18685127L,pacifica.guerrero250@example.com,1,261,ES,0
251,Ciro,Alvarado Pou,27377162D,ciro.alvarado251@example.com,0,823,ES,1
252,Nicola,Ramírez Diez,34013866V,nicola.ramirez252@example.com,1,641,IT,1
253,Ernesto,Mariño Hernandez,50829895X,ernesto.marino253@example.com,1,1389,DE,1
254,Omar,Pelayo Gil,28170694H,omar.pelayo254@example.com,0,141,IN,0
255,Emilia,Gomez Cuevas,67728746W,emilia.gomez255@example.com,1,1480,ES,0
256,Kike,León Cano,93740762F,kike.leon256@example.com,1,17,ES,0
257,Atilio,Querol Piñeiro,12800451P,atilio.querol257@example.com,1,970,ES,0
258,Konstanze,Marqués Donoso,57751573E,konstanze.marques258@example.com,1,1232,FR,0
259,Óscar,Botella Olivé,29698516L,oscar.botella259@example.com,1,26,CN,0
260,Fabrizia,Esteban Gallardo,36987470C,fabrizia.esteban260@example.com,0,611,ES,0
261,Lina,Ureña Marin,86169029N,lina.urena261@example.com,1,993,ES,0
262,Étienne,Hervás Ledesma,93725779C,etienne.hervas262@example.com,1,437,ES,0
263,Edu,Prieto Suarez,70565822M,edu.prieto263@example.com,1,218,MX,0
264,Amanda,Sebastián Casals,78809350B,amanda.sebastian264@example.com,0,1233,ES,1
265,Ofelia,Criado Montes,39605320X,ofelia.criado265@example.com,1,896,RU,1
266,Tecla,Cal Acosta,63072536G,tecla.cal266@example.com,1,1359,DE,1
267,Rolando,Rivero Priego,84049327J,rolando.rivero267@example.com,1,123,ES,1
268,María,Espejo Cerro,99000394E,maria.espejo268@example.com,1,1062,ES,0
269,Sebastian,Agullo Agustí,40768899L,sebastian.agullo269@example.com,1,817,DE,0
270,Violeta,Ibarra Tovar,73441763A,violeta.ibarra270@example.com,1,274,IT,0
271,Birgid,Anglada Ramón,29895794A,birgid.anglada271@example.com,1,1056,ES,0
272,José Ángel,Robledo Pons,18535077K,jose angel.robledo272@example.com,1,1214,DE,0
273,Susanita,Miranda Vila,14740287R,susanita.miranda273@example.com,0,1053,US,0
274,Eloy,Campo Blasco,66048672D,eloy.campo274@example.com,1,218,ES,0
275,Mauricio,Serra Leiva,65440844W,mauricio.serra275@example.com,0,775,JP,0
276,Marisol,Pellicer Carbó,26814800C,marisol.pellicer276@example.com,1,1195,US,0
277,Maximino,Sebastián Canals,34076280D,maximino.sebastian277@example.com,1,489,ES,0
278,Giancarlo,Taboada Zamora,11171924L,giancarlo.taboada278@example.com,1,994,ES,0
279,Roger,Solé Cortés,75969223Q,roger.sole279@example.com,1,1186,ES,1
280,Celestina,Gelabert Gilabert,33254587Z,celestina.gelabert280@example.com,1,312,CN,1
281,Aura,Fonseca Badía,70253191J,aura.fonseca281@example.com,1,101,IN,0
282,Emiliano,Perera Lorenzo,96030767V,emiliano.perera282@example.com,1,39,CN,0
283,Loreto,Castelló Julián,73395987C,loreto.castello283@example.com,1,997,ES,0
284,Adelaida,Falcó Campoy,27559646B,adelaida.falco284@example.com,1,1334,ES,0
285,Marc,Sosa Aragón,58852052C,marc.sosa285@example.com,1,543,ES,0
286,Guarino,Almansa Julián,96257636Z,guarino.almansa286@example.com,1,1392,ES,0
287,Demetrio,Valle Orozco,95508564Y,demetrio.valle287@example.com,1,1279,GB,1
288,Anne,Amo Vives,95053023A,anne.amo288@example.com,1,1289,GB,0
289,Chita,Ferrán Villar,80776371A,chita.ferran289@example.com,1,883,US,0
290,Leocadio,Sáenz Carreño,15419871G,leocadio.saenz290@example.com,1,1116,ES,0
291,Joséphine,Riera Aliaga,99296538H,josephine.riera291@example.com,1,606,RU,0
292,Amy,Osuna Moreno,35279286T,amy.osuna292@example.com,1,363,US,0
293,Evelia,Bartolomé Rios,84132357J,evelia.bartolome293@example.com,1,1415,ES,0
294,Ángeles,Pedrero Posada,98121078L,angeles.pedrero294@example.com,1,534,FR,1
295,Emilia,Morcillo Viña,14093563Z,emilia.morcillo295@example.com,1,953,ES,1
296,Mireia,Pavón Peñalver,57265535C,mireia.pavon296@example.com,1,1274,US,0
297,Victoriano,Pérez Sabater,93493433C,victoriano.perez297@example.com,1,837,US,0
298,Eliseo,Vallés Antúnez,58352744L,eliseo.valles298@example.com,1,942,ES,0
299,María,Mateo Aramburu,36988816D,maria.mateo299@example.com,1,709,ES,0
300,Camilo,Ortega Santos,63079586Q,camilo.ortega300@example.com,1,1156,ES,0
301,Isaac,Herrero Olmedo,88027136H,isaac.herrero301@example.com,1,564,BR,0
302,Joel,Feijoo Giralt,60239837P,joel.feijoo302@example.com,1,754,ES,0
303,Natanael,Bravo Valcárcel,97924087T,natanael.bravo303@example.com,1,816,ES,0
304,Balduino,Granados Soria,30989702P,balduino.granados304@example.com,1,986,ES,0
305,Haydée,Carrión Saavedra,11045859V,haydee.carrion305@example.com,1,957,ES,0
306,María Carmen,Guillén Lucena,82103506S,maria carmen.guillen306@example.com,1,1455,ES,1
307,Sabas,Esteban Santiago,71243289F,sabas.esteban307@example.com,1,450,ES,0
308,Javi,Leiva Sánchez,22666805Y,javi.leiva308@example.com,1,1413,US,0
309,Chema,Merino Checa,93264572D,chema.merino309@example.com,1,950,MX,0
310,Martín,Escrivá Escobar,81389728L,martin.escriva310@example.com,0,441,CN,0
311,Paula,Arévalo Galván,60321197V,paula.arevalo311@example.com,1,1408,ES,0
312,Pilar,Rios Avilés,46141960G,pilar.rios312@example.com,1,137,US,0
313,Tania,Juliá Llanos,30314345T,tania.julia313@example.com,1,819,RU,0
314,Brunilda,Martin Acedo,64361767Q,brunilda.martin314@example.com,1,1137,ES,0
315,Jose Miguel,Saavedra Clemente,85647463V,jose miguel.saavedra315@example.com,1,673,ES,0
316,Jens-Peter,Guillén Colomer,53374383P,jens-peter.guillen316@example.com,1,1239,ES,0
317,Lina,Llanos Viñas,29862406B,lina.llanos317@example.com,1,896,US,0
318,Zaira,Batalla Tomé,49793938L,zaira.batalla318@example.com,1,1219,ES,0
319,Celso,Frutos Correa,66536700T,celso.frutos319@example.com,0,1356,ES,0
320,Magdalena,Daza Castelló,70125264N,magdalena.daza320@example.com,1,22,ES,0
321,Prudencia,Cabo Nicolau,38171580K,prudencia.cabo321@example.com,1,1418,ES,0
322,Clemente,Vázquez Barrera,32268812L,clemente.vazquez322@example.com,1,995,MX,0
323,Aarón,Collado Silva,68316647T,aaron.collado323@example.com,1,104,US,0
324,Dafne,Leiva Alba,42040229R,dafne.leiva324@example.com,1,1348,ES,0
325,Virginia,Cerezo Segura,60844455W,virginia.cerezo325@example.com,0,146,ES,0
326,Encarnacion,Vara Peral,93437537Z,encarnacion.vara326@example.com,0,1154,ES,0
327,Tecla,Teruel Busquets,79354491Y,tecla.teruel327@example.com,1,686,DE,0
328,Juanita,Piquer Sevilla,64214710K,juanita.piquer328@example.com,1,949,IN,1
329,Amaro,Segarra Solé,36467829H,amaro.segarra329@example.com,1,303,ES,0
330,Olivia,Galán Gonzalez,17739026T,olivia.galan330@example.com,1,133,IT,0
331,Elodia,Garzón Coello,51173972F,elodia.garzon331@example.com,1,1265,ES,0
332,Bárbara,Moles Rosales,23457292Y,barbara.moles332@example.com,1,1398,ES,0
333,Jose Ignacio,Velasco Juliá,21562080V,jose ignacio.velasco333@example.com,0,700,DE,0
334,Dorothe,Recio Mata,91244760B,dorothe.recio334@example.com,1,816,ES,0
335,Christiane,Vega Flores,32154607D,christiane.vega335@example.com,1,434,DE,0
336,Guadalupe,Luján Lledó,11022014T,guadalupe.lujan336@example.com,1,1010,MX,0
337,Marcello,Alba Crespo,84104056W,marcello.alba337@example.com,1,1462,FR,0
338,Benedetto,Barriga Almazán,20331735B,benedetto.barriga338@example.com,1,93,US,0
339,Horacio,Bello Pelayo,19840378A,horacio.bello339@example.com,1,493,ES,0
340,Matilde,Sarabia Arévalo,37947729Y,matilde.sarabia340@example.com,1,969,PT,1
341,Patrick,Sevilla Toro,33858571H,patrick.sevilla341@example.com,1,730,ES,0
342,Bernardino,Morata Arroyo,85127709V,bernardino.morata342@example.com,1,1018,ES,1
343,Federico,Pino Osuna,58933230P,federico.pino343@example.com,1,422,ES,0
344,Simone,Mas Cuevas,70484861G,simone.mas344@example.com,1,1429,JP,0
345,Remedios,Rosales Oliveras,51352389J,remedios.rosales345@example.com,1,86,US,0
346,Carmelo,Amat Fajardo,72099268H,carmelo.amat346@example.com,1,134,BR,0
347,Demetrio,Bellido Blanes,73421691X,demetrio.bellido347@example.com,1,704,DE,0
348,Björn,Carmona Yáñez,18459704L,bjorn.carmona348@example.com,1,812,ES,0
349,Ana Sofía,Mancebo Arnau,76522395S,ana sofia.mancebo349@example.com,1,787,MX,0
350,Leopoldo,Pascual Bustos,61974995T,leopoldo.pascual350@example.com,1,257,US,0
351,Aníbal,Feijoo Gutierrez,35207252W,anibal.feijoo351@example.com,1,1026,CN,0
352,Roberto,Castañeda Barrena,58818711Y,roberto.castaneda352@example.com,1,311,ES,0
353,Oreste,Zamora Sureda,34628398N,oreste.zamora353@example.com,1,1327,ES,1
354,Manuel,Moreno Barroso,90190623X,manuel.moreno354@example.com,1,591,MX,1
355,Valerio,Rico Noriega,50137054K,valerio.rico355@example.com,1,1291,US,1
356,Juana,Chacón Vergara,19774373P,juana.chacon356@example.com,1,409,ES,0
357,Thierry,Murcia Alberola,28290827E,thierry.murcia357@example.com,1,176,PT,1
358,Visitación,Perelló Hervás,60113440L,visitacion.perello358@example.com,1,997,ES,0
359,Egon,Carnero Rosado,61288924L,egon.carnero359@example.com,1,1137,ES,0
360,Adelina,Dominguez Hernández,71711191C,adelina.dominguez360@example.com,1,569,ES,0
361,Cesar,Parra Lledó,84726230A,cesar.parra361@example.com,0,238,ES,0
362,Nicolasa,Borrego Vergara,94894632J,nicolasa.borrego362@example.com,1,149,IN,1
363,Sigurd,Bueno Suárez,18912998Y,sigurd.bueno363@example.com,1,861,ES,1
364,Nazario,Ledesma Ibarra,59419722G,nazario.ledesma364@example.com,1,29,US,0
365,Bartolomé,Díez Oliveras,18787213P,bartolome.diez365@example.com,1,464,ES,0
366,Tatiana,Cuevas Ros,87692258C,tatiana.cuevas366@example.com,1,389,ES,0
367,Melania,Mata Castejón,13980054X,melania.mata367@example.com,1,572,IT,1
368,Vicenta,Rosselló Grau,67785951Y,vicenta.rossello368@example.com,1,1009,MX,0
369,Ramón,Cañizares Zurita,52406259T,ramon.canizares369@example.com,1,1430,ES,1
370,Rosalinda,Rodrigo Ponce,39867081P,rosalinda.rodrigo370@example.com,1,455,ES,0
371,Guiomar,Bermejo Cámara,58751512J,guiomar.bermejo371@example.com,1,38,ES,0
372,Rosa,Sanchez Carmona,69922898T,rosa.sanchez372@example.com,1,1200,US,0
373,Sebastián,Calderón Sanmiguel,54160068J,sebastian.calderon373@example.com,1,1110,GB,1
374,Tatiana,Sola Vila,89670901L,tatiana.sola374@example.com,0,293,ES,0
375,Carl,Hernández Bustos,33089804A,carl.hernandez375@example.com,1,520,ES,0
376,Samanta,Fernández Luz,32168296J,samanta.fernandez376@example.com,1,834,US,0
377,Fanny,Elías Beltrán,20044719N,fanny.elias377@example.com,1,1156,DE,0
378,Matilde,Sabater Folch,37101385Q,matilde.sabater378@example.com,1,1109,US,0
379,Edelmiro,Baró Molins,79551456E,edelmiro.baro379@example.com,1,1143,GB,0
380,Jonathan,Vicens Verdejo,23652979D,jonathan.vicens380@example.com,1,990,ES,0
381,Ralf-Peter,Plana Font,72636780C,ralf-peter.plana381@example.com,1,1423,ES,0
382,Fidel,Garzón Juárez,31036667F,fidel.garzon382@example.com,1,610,ES,0
383,Dani,Amorós Egea,74668368H,dani.amoros383@example.com,1,1111,ES,0
384,Mariano,Amores Nevado,91095188P,mariano.amores384@example.com,1,908,DE,0
385,Gabriela,Lladó Herrero,38569107Q,gabriela.llado385@example.com,1,242,ES,0
386,Catherine,Contreras Anaya,61707304Y,catherine.contreras386@example.com,1,371,ES,1
387,Sancho,Tejada Barros,98062040E,sancho.tejada387@example.com,1,369,ES,0
388,Dolores,Garzón Muñoz,80345512A,dolores.garzon388@example.com,1,601,ES,1
389,Ruy,Aragonés Campo,53475956J,ruy.aragones389@example.com,1,1006,IT,0
390,Claire,Téllez Navarrete,76763856E,claire.tellez390@example.com,1,1200,MX,0
391,Auguste,Barragán Alarcón,85850186H,auguste.barragan391@example.com,1,558,ES,0
392,Zacarías,Miró Aguirre,49566055C,zacarias.miro392@example.com,1,1122,ES,0
393,Lorenza,Diego Suárez,42361431P,lorenza.diego393@example.com,1,1359,ES,0
394,Marciano,Suárez Saldaña,37528419D,marciano.suarez394@example.com,1,585,ES,0
395,Dionisia,Mendez Benavente,78905803W,dionisia.mendez395@example.com,1,1415,MX,0
396,Teo,Elías Ochoa,54942962X,teo.elias396@example.com,1,264,ES,0
397,Rebecca,Prado Díaz,22529558T,rebecca.prado397@example.com,1,747,IN,0
398,Jenny,Gil Marí,29378396J,jenny.gil398@example.com,1,859,BR,0
399,María Fernanda,Iglesias Amores,81021828G,maria fernanda.iglesias399@example.com,0,874,CN,0
400,Agustina,Cabrero Gisbert,10348621R,agustina.cabrero400@example.com,1,771,ES,0
401,Martín,Grande Vidal,75899249P,martin.grande401@example.com,0,1144,RU,0
402,Mayte,Rodriguez Herrera,46428671C,mayte.rodriguez402@example.com,1,859,US,0
403,Pía,Benavides Bolaños,96092668W,pia.benavides403@example.com,1,210,ES,1
404,Magdalena,Nebot Ruano,72381639H,magdalena.nebot404@example.com,0,1263,ES,0
405,Lina,Vaquero Vallejo,92591574Z,lina.vaquero405@example.com,0,634,ES,0
406,Jacinto,Coronado Gras,48515926W,jacinto.coronado406@example.com,0,1434,ES,0
407,Mirta,Dominguez Sacristán,89539630D,mirta.dominguez407@example.com,1,571,ES,0
408,Olivie,Belmonte Guzmán,39251460M,olivie.belmonte408@example.com,1,63,MX,0
409,Bruno,Prado Montalbán,75439558H,bruno.prado409@example.com,1,301,ES,0
410,Johan,Narváez Arranz,93298340J,johan.narvaez410@example.com,1,934,IT,1
411,Adam,Amat Quesada,29373091K,adam.amat411@example.com,1,118,MX,0
412,Elvira,Blasco Torrens,14347500P,elvira.blasco412@example.com,1,1220,DE,0
413,Germán,Girona Ruano,20140705L,german.girona413@example.com,0,980,RU,0
414,Pánfilo,Fuentes Tur,34583503J,panfilo.fuentes414@example.com,1,1461,US,1
415,Modesta,Llobet Ariza,42633704F,modesta.llobet415@example.com,1,112,ES,0
416,Juan Francisco,Zurita Amat,85654072W,juan francisco.zurita416@example.com,1,523,IT,1
417,Teófilo,Vigil Seguí,40567979G,teofilo.vigil417@example.com,1,1228,ES,1
418,Benjamin,Navarro Maza,18161364N,benjamin.navarro418@example.com,1,1169,ES,1
419,Kayla,Peña Marí,84080081Q,kayla.pena419@example.com,1,393,PT,1
420,Rosalinda,Serra Falcón,90760327G,rosalinda.serra420@example.com,1,787,CN,0
421,Inés,Baró Querol,78709356K,ines.baro421@example.com,1,99,IN,0
422,Adalberto,Barón Juan,36731501H,adalberto.baron422@example.com,1,880,GB,1
423,Josephine,Delgado Chico,45940339R,josephine.delgado423@example.com,1,801,ES,0
424,Pía,Perea Amor,55132643X,pia.perea424@example.com,1,515,ES,0
425,Maricruz,Flor Mendoza,92028457Y,maricruz.flor425@example.com,1,1063,ES,0
426,Manuela,Ruiz Redondo,14276168E,manuela.ruiz426@example.com,0,302,ES,1
427,Pancho,Caballero Mascaró,83758213X,pancho.caballero427@example.com,1,720,ES,0
428,Aimé,Hernández Montaña,89704590J,aime.hernandez428@example.com,1,1434,FR,0
429,Íñigo,Páez Cuéllar,22714028X,inigo.paez429@example.com,1,1245,MX,0
430,Ranieri,Salmerón Villegas,60412031R,ranieri.salmeron430@example.com,1,562,RU,0
431,Rufino,Pomares Tello,51350657Y,rufino.pomares431@example.com,1,210,RU,0
432,Leonardo,Viña Guzman,62806889F,leonardo.vina432@example.com,1,314,ES,0
433,Lucio,Dalmau Montes,26537630T,lucio.dalmau433@example.com,1,1083,DE,0
434,Luciano,Canals Moliner,58952355C,luciano.canals434@example.com,1,667,ES,0
435,Ofelia,Pou Niño,16303321R,ofelia.pou435@example.com,0,1367,MX,1
436,Isaac,Caballero Díaz,18462797F,isaac.caballero436@example.com,1,1294,IN,0
437,Fidela,Landa Palomino,99663326W,fidela.landa437@example.com,1,944,ES,0
438,Madeleine,Mancebo Jiménez,86437542T,madeleine.mancebo438@example.com,1,1115,ES,0
439,Alejo,Armengol Orozco,69388192K,alejo.armengol439@example.com,1,530,ES,0
440,Luis Miguel,Campo Segovia,18075201F,luis miguel.campo440@example.com,1,351,ES,1
441,Purificación,Alonso Vaquero,79790613W,purificacion.alonso441@example.com,1,870,ES,0
442,Roman,Beltrán Ochoa,76086554R,roman.beltran442@example.com,1,903,ES,0
443,Cristina,Machado Domínguez,47825138L,cristina.machado443@example.com,1,1126,PT,0
444,Julie,Priego Roselló,83684913B,julie.priego444@example.com,1,244,FR,0
445,Plinio,Diéguez Nogueira,59822425T,plinio.dieguez445@example.com,1,416,IT,1
446,Bruno,Jordán Aliaga,21489967D,bruno.jordan446@example.com,0,237,MX,1
447,Adèle,García Cámara,49908227K,adèle.garcia447@example.com,1,758,ES,0
448,Jose Ignacio,Fonseca Viana,93962673Z,jose ignacio.fonseca448@example.com,0,197,US,0
449,Samuel,Salom Soria,36292392W,samuel.salom449@example.com,1,446,US,0
450,Brígida,Puig Raya,26458304R,brigida.puig450@example.com,1,675,ES,0
451,Yolanda,Padilla Rovira,68044200B,yolanda.padilla451@example.com,1,295,ES,0
452,Estela,Cózar Cordero,53521149B,estela.cozar452@example.com,1,1091,ES,0
453,Virginia,Herrera Godoy,81590268E,virginia.herrera453@example.com,1,695,US,0
454,Yves,Cáceres Sevillano,87599169N,yves.caceres454@example.com,1,668,CN,0
455,María José,Montserrat Saldaña,25360277V,maria jose.montserrat455@example.com,1,403,ES,0
456,Vilma,García Quintero,50073252K,vilma.garcia456@example.com,1,18,GB,0
457,Inmaculada,Cabañas Gonzalez,33875355N,inmaculada.cabanas457@example.com,0,651,ES,0
458,Carlito,Beltrán Posada,90172538A,carlito.beltran458@example.com,1,161,ES,1
459,Luz,Conde Bernal,89911047E,luz.conde459@example.com,1,980,ES,0
460,Rogelio,Bermudez Guerra,84481742M,rogelio.bermudez460@example.com,0,64,ES,0
461,Herminia,Escamilla Cabrero,29721544R,herminia.escamilla461@example.com,1,731,US,0
462,Jose,Arjona Bermejo,32850394T,jose.arjona462@example.com,1,1031,GB,0
463,Juliette,Bou Villalobos,15609880X,juliette.bou463@example.com,1,438,ES,0
464,Griselda,Olivé Blanes,62821988H,griselda.olive464@example.com,1,1466,FR,0
465,Jose Angel,Sala Costa,70105247M,jose angel.sala465@example.com,1,149,PT,1
466,Ignacia,Sola Amorós,78686970Z,ignacia.sola466@example.com,1,755,ES,1
467,Valerij,Larrea Mir,62312919P,valerij.larrea467@example.com,1,1427,ES,0
468,Kenneth,Barrios Segarra,48128403Y,kenneth.barrios468@example.com,1,482,ES,0
469,Margaux,Cabezas Álamo,80640648A,margaux.cabezas469@example.com,0,1125,ES,0
470,Thomas,Miró Cañellas,43149852N,thomas.miro470@example.com,0,1074,US,0
471,Brian,Tomé Almeida,98797820D,brian.tome471@example.com,1,1071,ES,1
472,Yasmin,Espinosa Feliu,90640877Q,yasmin.espinosa472@example.com,1,716,ES,1
473,Dominic,Valero Pedro,29226282K,dominic.valero473@example.com,1,181,DE,0
474,Gesche,Rius Giralt,34208804F,gesche.rius474@example.com,0,60,ES,0
475,Birger,Bautista Chamorro,79037520K,birger.bautista475@example.com,1,1059,CN,0
476,Jordi,Bermúdez Amigó,11100121E,jordi.bermudez476@example.com,1,1210,ES,0
477,Vanesa,Noriega Palau,13681083Q,vanesa.noriega477@example.com,1,847,US,0
478,Pascuala,Ariza Español,38074487B,pascuala.ariza478@example.com,0,1035,FR,0
479,Adela,Higueras Acuña,49669957P,adela.higueras479@example.com,1,622,FR,0
480,Adela,Bonilla Arcos,51689224J,adela.bonilla480@example.com,1,1164,ES,0
481,Tiziano,Soler Múñiz,60498268B,tiziano.soler481@example.com,1,506,US,0
482,Michela,Pou Peña,88861167T,michela.pou482@example.com,1,1367,PT,1
483,Octavia,Tamarit Laguna,84248357R,octavia.tamarit483@example.com,1,1371,ES,0
484,Beatrice,Bustamante Carro,99799368E,beatrice.bustamante484@example.com,1,423,ES,0
485,Costantino,Gallardo Nadal,30087345X,costantino.gallardo485@example.com,1,1040,FR,1
486,Cruz,Goñi Chico,83803324H,cruz.goni486@example.com,1,1178,GB,0
487,Karolina,Moll Olivé,94529887W,karolina.moll487@example.com,1,829,ES,0
488,Evangelina,Benavides Laguna,76842689B,evangelina.benavides488@example.com,1,1301,PT,0
489,Delfina,Bastida Torrents,69231091X,delfina.bastida489@example.com,0,11,ES,1
490,Héctor,Sans Ramírez,68963350N,hector.sans490@example.com,1,1350,ES,0
491,Santos,Morales Bosch,79248696B,santos.morales491@example.com,1,569,US,0
492,Federico,Guzman Cámara,41875439Y,federico.guzman492@example.com,1,830,ES,1
493,Ema,Zamorano Cuenca,73569972X,ema.zamorano493@example.com,1,411,ES,0
494,Michel,Peral Benitez,81905410H,michel.peral494@example.com,1,812,GB,0
495,Rafael,Morcillo Mariño,62831685D,rafael.morcillo495@example.com,1,1067,ES,0
496,Sherri,Barroso Gargallo,67989724E,sherri.barroso496@example.com,1,777,MX,0
497,Baldomero,Amores Cañellas,99944953V,baldomero.amores497@example.com,0,1305,ES,0
498,Rahel,Aznar Balaguer,97572632P,rahel.aznar498@example.com,1,327,CN,0
499,Magdalena,Gaya Olivé,26917019G,magdalena.gaya499@example.com,1,668,ES,0
500,Timothée,Montoya Dueñas,25219344M,timothee.montoya500@example.com,0,945,PT,0
501,Jeannine,Pina Mateo,80155627Y,jeannine.pina501@example.com,1,1369,MX,0
502,Angelina,Torrent Palomar,51025587H,angelina.torrent502@example.com,1,924,ES,0
503,Elena,Ferrández Santiago,56986928N,elena.ferrandez503@example.com,1,1370,ES,1
504,Julián,Fajardo Bernal,74471765L,julian.fajardo504@example.com,1,502,MX,0
505,Lupita,Vaquero Escolano,39342195M,lupita.vaquero505@example.com,1,971,ES,0
506,Daniela,Sandoval Balaguer,42865090J,daniela.sandoval506@example.com,1,793,ES,0
507,Darryl,Romeu Benitez,45255321S,darryl.romeu507@example.com,1,1344,IT,0
508,María Cristina,Cerezo Donoso,36013518A,maria cristina.cerezo508@example.com,1,529,GB,0
509,Soledad,Salamanca Bou,77840913N,soledad.salamanca509@example.com,1,688,ES,0
510,Telmo,Palacio Sarabia,11736140E,telmo.palacio510@example.com,0,387,US,0
511,Emigdio,Cadenas Alberto,72920089S,emigdio.cadenas511@example.com,1,782,ES,0
512,Gerardo,Acuña Girón,55681341C,gerardo.acuna512@example.com,0,639,DE,0
513,Isidora,Pagès Olivé,26211902K,isidora.pagès513@example.com,1,303,ES,0
514,Pompeo,Mosquera Galiano,77769600E,pompeo.mosquera514@example.com,1,489,ES,0
515,Julia,Santamaría Castells,85738462M,julia.santamaria515@example.com,0,989,ES,0
516,Grit,Higueras Valenciano,53010569P,grit.higueras516@example.com,0,1056,DE,1
517,Sandalio,Muro Diéguez,96255507R,sandalio.muro517@example.com,1,729,ES,1
518,Benjamin,Perelló Benet,31346051H,benjamin.perello518@example.com,1,1299,ES,0
519,Julián,Fábregas Mesa,21342507W,julian.fabregas519@example.com,1,569,ES,0
520,Mariechen,Alvarado Borja,19311180N,mariechen.alvarado520@example.com,1,373,ES,1
521,Achim,Acero Verdú,85484396C,achim.acero521@example.com,1,883,RU,0
522,Krystyna,Alemán Vélez,83698403T,krystyna.aleman522@example.com,1,442,ES,0
523,Éric,Anguita Mata,63336075D,eric.anguita523@example.com,1,1356,IN,0
524,Lucía,Garmendia Lillo,34179210Z,lucia.garmendia524@example.com,1,63,RU,0
525,Apolonia,Mate Arnal,50377368P,apolonia.mate525@example.com,0,183,FR,0
526,Hortense,Quero Rey,37439067N,hortense.quero526@example.com,1,966,ES,0
527,Christopher,Poza Peñalver,20158321V,christopher.poza527@example.com,1,578,ES,1
528,Angelina,Pereira Vilaplana,53144543F,angelina.pereira528@example.com,1,368,ES,0
529,Bernardo,Orozco Arias,82210751B,bernardo.orozco529@example.com,1,694,ES,0
530,Petrona,Querol Peral,17393692B,petrona.querol530@example.com,1,1332,ES,0
531,Josep,Pavón Clemente,24336456H,josep.pavon531@example.com,1,1254,US,1
532,Jennifer,Castilla Quintero,24844925A,jennifer.castilla532@example.com,1,1488,DE,1
533,Eva,Guerrero Balaguer,95829851Y,eva.guerrero533@example.com,1,1187,RU,0
534,Elpidio,Mulet Zamora,58230760G,elpidio.mulet534@example.com,0,1374,IT,0
535,Julio César,Carballo Peláez,90851644B,julio cesar.carballo535@example.com,1,403,ES,0
536,Eleuterio,Martí Pol,88554574C,eleuterio.marti536@example.com,1,168,US,0
537,Cynthia,Fajardo Hoyos,21781998D,cynthia.fajardo537@example.com,1,160,DE,0
538,Nerea,Amigó Coloma,26843905F,nerea.amigo538@example.com,1,1083,IT,0
539,Ignacia,Cerezo Flor,48289633Y,ignacia.cerezo539@example.com,1,82,ES,0
540,Iker,Piña Perelló,37104223W,iker.pina540@example.com,1,767,RU,0
541,Paulo,Menéndez Barrio,53053654Z,paulo.menendez541@example.com,1,190,MX,0
542,Claudio,Blanco Mayoral,40664762A,claudio.blanco542@example.com,1,840,ES,1
543,Olivie,Ros Roman,58452306Z,olivie.ros543@example.com,1,1027,MX,1
544,Florentino,Santos Fonseca,73806568M,florentino.santos544@example.com,1,110,FR,0
545,Nicolò,Vigil Bonilla,91704336R,nicolò.vigil545@example.com,1,945,CN,0
546,Marc,Echevarría Español,83605564N,marc.echevarria546@example.com,0,1022,ES,0
547,Agustín,Azcona Isern,20131318Q,agustin.azcona547@example.com,1,19,ES,0
548,Bernardino,Terrón Morcillo,86866445E,bernardino.terron548@example.com,1,601,ES,0
549,Sol,Olivares Mate,14204933H,sol.olivares549@example.com,1,1101,ES,0
550,Maxi,Gras Ochoa,76425886Z,maxi.gras550@example.com,1,1155,FR,0
551,Raimund,Checa Jurado,80087077L,raimund.checa551@example.com,1,16,PT,0
552,Román,Pinto Escamilla,18234343N,roman.pinto552@example.com,1,1475,ES,0
553,Luciano,Pinilla Torrents,64889276C,luciano.pinilla553@example.com,1,690,ES,0
554,Wilfried,Riba Llobet,16313969T,wilfried.riba554@example.com,1,1155,ES,0
555,Rosalva,Perez Marqués,53218668A,rosalva.perez555@example.com,0,265,DE,0
556,Marisa,Perera Manuel,68954327M,marisa.perera556@example.com,1,539,RU,0
557,Colette,Antúnez Cadenas,12505758Z,colette.antunez557@example.com,1,1058,IN,0
558,Elisa,Lorenzo Trujillo,67859776R,elisa.lorenzo558@example.com,1,856,BR,0
559,Pili,Páez Buendía,34988172C,pili.paez559@example.com,1,965,ES,0
560,Kike,Valdés Barbero,83335449D,kike.valdes560@example.com,1,565,ES,0
561,Reina,Pedrero Rodríguez,17812070L,reina.pedrero561@example.com,1,238,FR,1
562,Franco,Alfonso Torralba,59630461V,franco.alfonso562@example.com,1,13,US,0
563,Maritta,Pazos Barbero,28246039S,maritta.pazos563@example.com,1,215,ES,0
564,Juan Bautista,Barrios Otero,36418761D,juan bautista.barrios564@example.com,0,771,ES,1
565,Ronaldo,Berenguer Prado,86242133E,ronaldo.berenguer565@example.com,0,344,ES,0
566,Catalina,Vizcaíno Sanabria,70866269A,catalina.vizcaino566@example.com,1,1004,DE,0
567,Begoña,Robledo Santos,32878073X,begona.robledo567@example.com,1,38,JP,0
568,Paul,Palma Botella,33804478K,paul.palma568@example.com,1,732,FR,0
569,Viviane,Tolosa Diaz,73912813J,viviane.tolosa569@example.com,1,720,ES,0
570,Else,Jover Fernández,49881254G,else.jover570@example.com,0,1122,CN,1
571,Burkard,Egea Peralta,27723754Z,burkard.egea571@example.com,0,1073,MX,1
572,Édith,Yuste Puig,99410104X,edith.yuste572@example.com,0,138,US,0
573,David,Parra Orozco,32485349B,david.parra573@example.com,1,199,IT,0
574,Matilde,Ferrández Gabaldón,77371555S,matilde.ferrandez574@example.com,1,1371,ES,0
575,Olivia,Fábregas Vergara,69005520T,olivia.fabregas575@example.com,1,628,BR,0
576,Pío,Aroca Mate,86545796Q,pio.aroca576@example.com,0,1316,ES,0
577,Elvira,Suarez Fonseca,78074488E,elvira.suarez577@example.com,0,1129,ES,0
578,Zacarías,Valdés Castellanos,34282878K,zacarias.valdes578@example.com,1,1122,FR,0
579,Benjamín,Tejada Duarte,19187187N,benjamin.tejada579@example.com,1,1433,ES,1
580,Patricio,Suarez Seco,68269518K,patricio.suarez580@example.com,1,1077,US,0
581,Olimpia,Amores Aroca,16693849N,olimpia.amores581@example.com,1,282,ES,0
582,Hugo,Pedraza Santamaria,21333068Q,hugo.pedraza582@example.com,1,872,IT,1
583,Santiago,Bueno Amigó,52197007W,santiago.bueno583@example.com,1,1358,ES,1
584,Hortensia,Maza Alemany,20871985Z,hortensia.maza584@example.com,1,19,IN,0
585,Eugen,Perez Galvez,79036857W,eugen.perez585@example.com,1,1097,ES,0
586,Marita,Sanmiguel Aliaga,75993174R,marita.sanmiguel586@example.com,1,1305,ES,0
587,Isidora,Expósito Guardia,30801090L,isidora.exposito587@example.com,1,767,US,0
588,Isabella,Cordero Ocaña,91035382W,isabella.cordero588@example.com,1,1166,MX,0
589,Trinidad,Mir Calzada,44169908H,trinidad.mir589@example.com,1,792,MX,1
590,Plinio,Sales Somoza,59543618E,plinio.sales590@example.com,1,1259,ES,0
591,Jose Ramón,Mayo Palacio,61322594V,jose ramon.mayo591@example.com,1,17,ES,0
592,Jose Ramón,Camino Torre,25995725K,jose ramon.camino592@example.com,0,1013,ES,0
593,Cosme,Uría Jordá,91894488N,cosme.uria593@example.com,0,740,FR,1
594,Adolfo,Jove Martorell,70075389R,adolfo.jove594@example.com,1,557,ES,0
595,Selena,Sarabia Berrocal,62147738J,selena.sarabia595@example.com,0,373,US,0
596,Alfonso,Yáñez Bravo,54891241Q,alfonso.yanez596@example.com,1,1054,ES,1
597,Jeffrey,Mena Jaén,19143844R,jeffrey.mena597@example.com,1,950,IN,1
598,Malena,Parra Palomar,87538329F,malena.parra598@example.com,1,26,FR,0
599,Patrick,Villanueva Mendez,99378200F,patrick.villanueva599@example.com,1,378,ES,0
600,Philippe,Alcolea España,16234237D,philippe.alcolea600@example.com,0,320,ES,0
601,Fedele,Pedrero Diez,50148716E,fedele.pedrero601@example.com,1,909,ES,0
602,Melchor,Requena Diez,84749064K,melchor.requena602@example.com,1,831,ES,0
603,Heinz-Werner,Saez Cañellas,56005268S,heinz-werner.saez603@example.com,1,736,ES,0
604,Lino,Gual Escamilla,78624712V,lino.gual604@example.com,1,1197,US,1
605,Elías,Bermejo Noriega,54042141F,elias.bermejo605@example.com,1,769,FR,0
606,Aránzazu,Arribas Lamas,96525660L,aranzazu.arribas606@example.com,1,496,ES,0
607,Magdalena,Pastor Acedo,21312624L,magdalena.pastor607@example.com,0,35,US,0
608,Angélica,Toledo Marín,78988412H,angelica.toledo608@example.com,1,40,IN,0
609,Esperanza,Agustí Villanueva,42664049S,esperanza.agusti609@example.com,1,511,ES,0
610,Timoteo,Bello Baena,84397736H,timoteo.bello610@example.com,1,1146,US,0
611,Custodio,Montenegro Marin,44409473S,custodio.montenegro611@example.com,1,1019,ES,0
612,Vincent,Fuertes Benítez,35270682K,vincent.fuertes612@example.com,0,1426,IT,0
613,María Ángeles,Hoyos Aguiló,17885329T,maria angeles.hoyos613@example.com,0,431,ES,0
614,Flora,Donaire Borrell,46704699W,flora.donaire614@example.com,1,10,IN,0
615,Susana,Oliver Calzada,54021485M,susana.oliver615@example.com,1,1141,ES,1
616,Consuela,Quesada Salazar,93245944B,consuela.quesada616@example.com,1,701,ES,0
617,Fedele,Elorza Quintero,11740029R,fedele.elorza617@example.com,1,880,US,0
618,Sebastián,Madrigal Frutos,77603081T,sebastian.madrigal618@example.com,1,320,ES,0
619,Eleanora,Armas Quirós,52497154E,eleanora.armas619@example.com,1,654,FR,0
620,Camilo,Castilla Olivé,11017737R,camilo.castilla620@example.com,1,513,IT,0
621,Agustina,Navarro Vega,39701798A,agustina.navarro621@example.com,1,1089,ES,0
622,Rocco,Adán Martorell,55809997Z,rocco.adan622@example.com,1,709,ES,0
623,Ottilie,Aragonés Merino,59379607R,ottilie.aragones623@example.com,1,1082,US,0
624,Silvestre,Raya Cornejo,91498404B,silvestre.raya624@example.com,1,543,ES,0
625,Pénélope,Olmedo Prado,97631774V,penelope.olmedo625@example.com,1,145,ES,0
626,Octavio,Hoz Valencia,65035913D,octavio.hoz626@example.com,1,1220,CN,0
627,Vadim,Menendez Madrid,95077693V,vadim.menendez627@example.com,0,765,ES,1
628,Mónica,Molins Rodríguez,62544994J,monica.molins628@example.com,1,246,US,0
629,Ester,Soriano Pinilla,93880676N,ester.soriano629@example.com,1,903,FR,1
630,Octavio,Soriano Miguel,85639037D,octavio.soriano630@example.com,1,973,IN,1
631,Liliane,Murcia Mata,66621112W,liliane.murcia631@example.com,1,1338,GB,0
632,Sahin,Mateo Nogueira,43541121M,sahin.mateo632@example.com,1,66,ES,1
633,Telmo,Conde Ramirez,45681631C,telmo.conde633@example.com,1,920,ES,0
634,Viviana,Pujadas Jaén,23737195E,viviana.pujadas634@example.com,1,432,IN,0
635,Aurore,Somoza Gámez,93639713C,aurore.somoza635@example.com,1,502,GB,0
636,Cristóbal,Milla Pi,70515168C,cristobal.milla636@example.com,1,1112,ES,0
637,Trinidad,Gras Oller,10657406B,trinidad.gras637@example.com,1,1141,FR,0
638,Jeannette,Villalonga Aliaga,48488112H,jeannette.villalonga638@example.com,0,814,MX,0
639,Juan,Terrón Ferreras,92917441V,juan.terron639@example.com,1,1412,ES,0
640,Adelina,Pagès Orozco,13905152L,adelina.pagès640@example.com,0,924,ES,1
641,Lupe,Peña Conde,45668944Y,lupe.pena641@example.com,1,790,ES,1
642,Costantino,Revilla Vicens,91617138L,costantino.revilla642@example.com,1,224,ES,0
643,Candelario,Ferrero Maestre,40157675C,candelario.ferrero643@example.com,1,1379,ES,0
644,Camilo,Ferrero Vilar,98992579G,camilo.ferrero644@example.com,1,458,ES,0
645,Victoria,Company Llamas,25885038X,victoria.company645@example.com,1,431,GB,0
646,Iker,Ortuño Francisco,29003627Y,iker.ortuno646@example.com,0,1184,ES,0
647,Marcos,Castro Aguilera,54551200F,marcos.castro647@example.com,1,1386,ES,1
648,Ricarda,Páez Guijarro,21870973C,ricarda.paez648@example.com,1,474,GB,0
649,Emperatriz,Ledesma Roda,25509147P,emperatriz.ledesma649@example.com,1,1348,FR,0
650,Carin,Pol Bustos,52692732P,carin.pol650@example.com,1,4,ES,0
651,Rufina,Losada Crespo,77045210V,rufina.losada651@example.com,0,847,DE,1
652,Leire,Feijoo Huguet,39644886Q,leire.feijoo652@example.com,0,518,ES,0
653,Lara,Reig Cózar,52862673W,lara.reig653@example.com,1,48,ES,0
654,Toribio,Fuentes Tello,99153581Y,toribio.fuentes654@example.com,1,525,DE,0
655,Melissa,Salom Sobrino,24687925R,melissa.salom655@example.com,1,168,ES,0
656,Rafa,Estevez Mir,23766687M,rafa.estevez656@example.com,0,1124,ES,0
657,Nathaniel,Pont Segovia,18518784N,nathaniel.pont657@example.com,1,113,ES,0
658,Ariel,Acevedo Ávila,33761102T,ariel.acevedo658@example.com,1,580,US,0
659,Emma,Sobrino Burgos,97666218F,emma.sobrino659@example.com,1,36,ES,0
660,José Antonio,Sola Narváez,30800052Q,jose antonio.sola660@example.com,1,545,BR,0
661,Susann,Batalla Fabra,12570510K,susann.batalla661@example.com,1,1463,ES,0
662,Carmen,Ledesma Vives,72167531V,carmen.ledesma662@example.com,1,498,CN,0
663,Océane,Colom Fuertes,35713155C,oceane.colom663@example.com,1,1184,RU,0
664,Bartolomé,Echeverría Mayoral,81657197K,bartolome.echeverria664@example.com,1,396,ES,0
665,Peer,Fajardo Cerdá,75078801Q,peer.fajardo665@example.com,1,1450,ES,0
666,Ruben,Villalonga Carnero,53677133D,ruben.villalonga666@example.com,1,470,ES,0
667,Mar,Lara Ramirez,15479803K,mar.lara667@example.com,1,1250,FR,0
668,Jose Manuel,Cózar Sánchez,65113483T,jose manuel.cozar668@example.com,1,1257,ES,0
669,Bertrand,Escudero Gámez,87983249S,bertrand.escudero669@example.com,1,374,FR,0
670,Evangelina,Gascón Estévez,11862107H,evangelina.gascon670@example.com,1,195,ES,0
671,Ainara,Sabater Plana,68545605Q,ainara.sabater671@example.com,1,341,US,0
672,Gracia,Osorio Tenorio,58313726D,gracia.osorio672@example.com,1,1463,RU,0
673,Elodia,Feliu Pacheco,47327663B,elodia.feliu673@example.com,1,1491,ES,0
674,Sigfrido,Almansa Exposito,41385744G,sigfrido.almansa674@example.com,1,1361,ES,0
675,Nydia,Alcalde Canet,27465002N,nydia.alcalde675@example.com,1,180,ES,0
676,Azahara,Aramburu Salmerón,72417386T,azahara.aramburu676@example.com,1,1274,GB,0
677,Juan Bautista,Aller Melero,28766292P,juan bautista.aller677@example.com,1,1030,ES,0
678,Michael,Muñoz Clemente,29822073C,michael.munoz678@example.com,1,81,MX,0
679,Filippo,Miralles Gomez,34821864W,filippo.miralles679@example.com,1,734,CN,0
680,Fermín,Manso Hoyos,51564799H,fermin.manso680@example.com,1,1091,ES,1
681,Eligio,Lamas Hernandez,50313447G,eligio.lamas681@example.com,1,840,FR,0
682,Gianni,Cabeza Palomino,65213964V,gianni.cabeza682@example.com,1,1462,RU,0
683,Juan Carlos,Cabrera Llorente,49400593C,juan carlos.cabrera683@example.com,1,308,ES,1
684,Perlita,Artigas Villalonga,40982749S,perlita.artigas684@example.com,1,1390,GB,0
685,Quique,Peñalver Morales,36226026Z,quique.penalver685@example.com,1,1019,ES,1
686,Salomé,Toledo Gallo,41817936A,salome.toledo686@example.com,1,991,ES,0
687,Concha,Cid Domingo,19137752G,concha.cid687@example.com,1,1478,GB,1
688,Viviana,Alberto Jáuregui,61857318Z,viviana.alberto688@example.com,1,491,US,0
689,Eligia,Tejera Blanca,31784624G,eligia.tejera689@example.com,1,318,IN,0
690,Abel,Daza Oliva,51826032V,abel.daza690@example.com,1,1233,MX,0
691,Nydia,Monreal Calatayud,25505184R,nydia.monreal691@example.com,1,1311,US,0
692,Alfonso,Pascual Gabaldón,93916500W,alfonso.pascual692@example.com,1,563,ES,0
693,Bienvenida,Romero Busquets,75450858W,bienvenida.romero693@example.com,1,624,ES,0
694,Adam,Pino Falcón,71307710M,adam.pino694@example.com,1,769,ES,1
695,Xiomara,Cuervo Ángel,36760911B,xiomara.cuervo695@example.com,1,161,ES,1
696,Bettina,Cáceres Mur,14208166P,bettina.caceres696@example.com,1,105,BR,0
697,Raúl,Noriega Cabrero,50200010A,raul.noriega697@example.com,1,1385,ES,0
698,Teófilo,Abad Bastida,61713776S,teofilo.abad698@example.com,1,33,ES,0
699,Evangelina,Ramírez Arjona,78388399Y,evangelina.ramirez699@example.com,1,1395,DE,1
700,Ralph,Peña Iborra,16577210Y,ralph.pena700@example.com,1,613,US,0
701,Ester,Pelayo Sanz,27500006X,ester.pelayo701@example.com,1,1303,MX,0
702,Rosl,Espinosa Canales,15252238H,rosl.espinosa702@example.com,1,280,ES,1
703,Fabiana,Chico Trillo,46574980A,fabiana.chico703@example.com,1,368,ES,0
704,Étienne,Arévalo Yuste,25581839C,etienne.arevalo704@example.com,1,1368,ES,1
705,Benigno,Montero Hernández,89972694Y,benigno.montero705@example.com,0,732,CN,0
706,Beatriz,Santamaria Cuadrado,95341436L,beatriz.santamaria706@example.com,1,1056,ES,0
707,Swantje,Robles Adadia,49908385H,swantje.robles707@example.com,1,469,ES,0
708,Jürgen,Arana Talavera,63178387D,jurgen.arana708@example.com,1,26,ES,0
709,Giuseppe,Valbuena Jáuregui,74787867D,giuseppe.valbuena709@example.com,1,1393,ES,0
710,Mateo,Soria Bonet,17009214R,mateo.soria710@example.com,1,794,DE,0
711,Serafina,Plaza Alegria,15118228Y,serafina.plaza711@example.com,0,115,CN,0
712,Durante,Coronado Calvet,57181045D,durante.coronado712@example.com,1,1267,ES,0
713,Silvia,Carrasco Ferrero,87691772V,silvia.carrasco713@example.com,1,296,ES,0
714,Antoine,Velasco Cánovas,32068489A,antoine.velasco714@example.com,1,9,ES,0
715,Guy,Pi Nicolás,58961871Z,guy.pi715@example.com,1,1124,DE,0
716,Nilda,Vara Pujol,55258054W,nilda.vara716@example.com,1,950,IT,0
717,Paloma,Roselló Peralta,50770065A,paloma.rosello717@example.com,1,1215,ES,0
718,Margaud,Bárcena Marco,53095685R,margaud.barcena718@example.com,1,932,US,1
719,Hilario,Palacios Giner,42757201V,hilario.palacios719@example.com,1,629,FR,0
720,Alyssa,Salom Borrego,70075553G,alyssa.salom720@example.com,1,1220,ES,0
721,Arturo,Elorza Torres,13297974H,arturo.elorza721@example.com,1,335,JP,0
722,Eligio,Morcillo Cuesta,68375207W,eligio.morcillo722@example.com,1,1395,ES,0
723,Fortunato,Tormo Acevedo,50898423K,fortunato.tormo723@example.com,1,441,ES,0
724,Eustaquio,Moya Abascal,22507081V,eustaquio.moya724@example.com,1,860,FR,0
725,Pía,Gonzalez Sevilla,83200277P,pia.gonzalez725@example.com,1,1311,BR,1
726,Silvestro,Bou Jiménez,19399765R,silvestro.bou726@example.com,1,620,RU,0
727,Britt,Heras Iniesta,96220347P,britt.heras727@example.com,1,1020,JP,0
728,Priscilla,Calderon Cañizares,91632830W,priscilla.calderon728@example.com,1,858,ES,0
729,Elpidio,Feijoo Arregui,34944320Y,elpidio.feijoo729@example.com,1,1265,ES,0
730,Lourdes,Bernat Rosselló,54006595L,lourdes.bernat730@example.com,1,999,US,0
731,Belen,Saez Armengol,28311362H,belen.saez731@example.com,1,189,BR,1
732,José Mari,Salgado Bermúdez,61338076C,jose mari.salgado732@example.com,1,1475,US,0
733,Adolfo,Sebastián Ramirez,93239433D,adolfo.sebastian733@example.com,1,115,FR,0
734,César,Benítez Gámez,88100882A,cesar.benitez734@example.com,1,1298,BR,0
735,Noël,Ropero Lopez,15477947M,noël.ropero735@example.com,1,1071,FR,0
736,Sosimo,Montero Saura,58103181Y,sosimo.montero736@example.com,1,240,ES,0
737,Natalia,Fabregat Donaire,92947307Y,natalia.fabregat737@example.com,1,689,RU,0
738,Jose Luis,Codina Sabater,60168388C,jose luis.codina738@example.com,1,1329,ES,0
739,Candelario,Escolano Blasco,67718710V,candelario.escolano739@example.com,1,662,RU,1
740,Ruperto,Dalmau Abril,94377785E,ruperto.dalmau740@example.com,1,1023,ES,1
741,Heliodoro,Torrents Abascal,41378248Y,heliodoro.torrents741@example.com,1,66,ES,0
742,Rubén,Godoy Barroso,47268765Q,ruben.godoy742@example.com,0,1028,ES,0
743,Ramón,Márquez Aparicio,14052252B,ramon.marquez743@example.com,1,925,DE,0
744,María Manuela,Carpio Cánovas,56944230W,maria manuela.carpio744@example.com,1,904,RU,0
745,José Ángel,Carlos Heras,11721418C,jose angel.carlos745@example.com,1,1357,ES,0
746,Luis Miguel,Bayona Cervantes,64641257X,luis miguel.bayona746@example.com,0,448,ES,0
747,Eric,Ramis Farré,45219442Q,eric.ramis747@example.com,1,480,GB,0
748,Jennifer,Quesada Carreño,91201058D,jennifer.quesada748@example.com,1,1418,ES,0
749,Juan José,Marti Mínguez,11354516Z,juan jose.marti749@example.com,1,1342,CN,1
750,Seve,Cuadrado Requena,68136817F,seve.cuadrado750@example.com,1,374,FR,0
751,Jose Antonio,Ortiz Seguí,60514776M,jose antonio.ortiz751@example.com,1,851,IN,0
752,José Manuel,Hurtado Marqués,99318278T,jose manuel.hurtado752@example.com,1,953,IN,0
753,Olga,Calleja Miralles,15941065H,olga.calleja753@example.com,1,1441,FR,1
754,Jeanne,Gómez Mayo,86079053N,jeanne.gomez754@example.com,1,282,CN,1
755,Rosalva,Collado Aguirre,96581344C,rosalva.collado755@example.com,1,466,US,0
756,Pietro,Carrillo Benito,57823092B,pietro.carrillo756@example.com,1,674,ES,1
757,Adamo,Sabater Pomares,95064586C,adamo.sabater757@example.com,1,1114,BR,0
758,Angelina,Azcona Heras,49242434D,angelina.azcona758@example.com,1,391,PT,0
759,Jose Manuel,Isern Mena,13168702Y,jose manuel.isern759@example.com,1,1197,ES,0
760,Dino,Barba Acuña,64445042P,dino.barba760@example.com,1,935,DE,0
761,Harold,Valera Méndez,33160887Q,harold.valera761@example.com,1,752,US,1
762,Felipe,Bernat Vilanova,73256679T,felipe.bernat762@example.com,0,745,ES,0
763,Teodosio,Quintero Fernández,99588214P,teodosio.quintero763@example.com,0,1415,DE,0
764,Teodosio,Somoza Ayuso,25291712S,teodosio.somoza764@example.com,1,94,JP,0
765,Juan Pablo,Merino Amigó,50184218N,juan pablo.merino765@example.com,1,1147,ES,0
766,Vincenzo,Alfonso Díez,18007955J,vincenzo.alfonso766@example.com,1,76,ES,0
767,Viridiana,Duarte Moll,30742801N,viridiana.duarte767@example.com,0,343,ES,0
768,Dalila,Calderón Badía,83408613X,dalila.calderon768@example.com,1,1375,ES,0
769,Máximo,Peñas Palacios,96858933E,maximo.penas769@example.com,1,807,ES,0
770,Renata,Serra Tejera,40544154F,renata.serra770@example.com,0,1331,RU,0
771,Juan Bautista,Batalla Sierra,60565304W,juan bautista.batalla771@example.com,1,909,ES,0
772,Loreto,Gascón Blanca,45933652F,loreto.gascon772@example.com,1,52,ES,0
773,Joel,Castrillo Salvà,57817364X,joel.castrillo773@example.com,0,270,RU,0
774,Chus,Robles Artigas,67099239M,chus.robles774@example.com,1,794,CN,0
775,Filippo,Morán Almansa,64035876N,filippo.moran775@example.com,1,1380,ES,0
776,Dorotea,Sarmiento Barba,15081215T,dorotea.sarmiento776@example.com,0,1458,ES,0
777,Gustavo,Aramburu Álamo,81448229P,gustavo.aramburu777@example.com,0,960,ES,0
778,Caridad,Real Quintero,98318438Q,caridad.real778@example.com,1,252,BR,0
779,Nuria,Gaya Paniagua,79103309F,nuria.gaya779@example.com,1,974,BR,0
780,Valerio,Cabezas Barbero,59131604F,valerio.cabezas780@example.com,1,569,ES,1
781,Karen,Serna Cerdá,20550582J,karen.serna781@example.com,1,405,BR,0
782,Evelia,Canals Izaguirre,86231871H,evelia.canals782@example.com,1,201,IT,1
783,Balduino,Rocamora Mir,66871601K,balduino.rocamora783@example.com,1,25,ES,0
784,Barbara,Cantón Requena,62064128P,barbara.canton784@example.com,1,1495,ES,0
785,Sabas,Jiménez Rius,60838510Z,sabas.jimenez785@example.com,0,1468,FR,0
786,Antonia,Rueda Sáenz,16881510Q,antonia.rueda786@example.com,1,828,ES,0
787,Dominique,Acevedo Mate,26928715Q,dominique.acevedo787@example.com,1,1229,CN,0
788,Margaret,Ricart Molins,67976988M,margaret.ricart788@example.com,1,1225,ES,1
789,Severo,Castro Sanchez,30485528V,severo.castro789@example.com,1,1248,ES,0
790,Toribio,Vilaplana Nieto,68806313L,toribio.vilaplana790@example.com,1,1068,FR,0
791,Aitana,Mateu Barrios,35729134Z,aitana.mateu791@example.com,1,409,FR,0
792,Marcela,Ugarte Madrigal,25349409M,marcela.ugarte792@example.com,0,1232,ES,0
793,Adam,Portillo Castell,25507706Q,adam.portillo793@example.com,1,464,ES,1
794,Rosa María,Coello Rosa,83454905A,rosa maria.coello794@example.com,1,522,PT,0
795,Benjamín,Ribera Gutiérrez,10392084V,benjamin.ribera795@example.com,1,248,CN,0
796,Roxana,Vall Almeida,34638320K,roxana.vall796@example.com,1,1199,ES,0
797,León,Marti Aroca,18397660Y,leon.marti797@example.com,1,1373,IT,0
798,Antoine,Guillén Canals,10619778B,antoine.guillen798@example.com,1,139,ES,1
799,Tadeo,Sanabria Carvajal,41926739Q,tadeo.sanabria799@example.com,1,1207,ES,0
800,Laureano,Cornejo Marí,37649447B,laureano.cornejo800@example.com,1,973,ES,0
801,Buenaventura,Bonilla Ferrer,83850607J,buenaventura.bonilla801@example.com,1,1078,ES,1
802,Carsten,Gálvez Rodríguez,98669002Z,carsten.galvez802@example.com,1,1487,GB,0
803,Eliseo,Marin Barros,24664910D,eliseo.marin803@example.com,1,906,US,0
804,Celestina,Vendrell Botella,74117727C,celestina.vendrell804@example.com,1,225,GB,1
805,Teodosio,Sacristán Garcia,99735615W,teodosio.sacristan805@example.com,1,898,CN,0
806,Elisabet,Grande Rosado,90610147Z,elisabet.grande806@example.com,1,100,CN,0
807,Rafael,Casanova Daza,70913259G,rafael.casanova807@example.com,1,1455,ES,1
808,Deanna,Esteban Carrera,74214361P,deanna.esteban808@example.com,0,415,ES,0
809,Diana,Castelló Nadal,93073541Q,diana.castello809@example.com,1,1366,ES,0
810,Blas,Ródenas Torrijos,30075432B,blas.rodenas810@example.com,1,123,DE,1
811,Inmaculada,Santamaría Exposito,43747964D,inmaculada.santamaria811@example.com,1,1424,ES,0
812,Rolando,Villar Flores,94145879W,rolando.villar812@example.com,1,111,ES,0
813,Eufemia,Zurita Figueroa,71266113S,eufemia.zurita813@example.com,0,297,DE,0
814,Adelaida,Pablo Robles,15357286W,adelaida.pablo814@example.com,1,267,ES,0
815,Massimo,Canet Manrique,16094251R,massimo.canet815@example.com,1,502,DE,0
816,Melanie,Rojas Santiago,29543973J,melanie.rojas816@example.com,1,802,IT,1
817,Dino,Miró Nicolau,98451590K,dino.miro817@example.com,1,882,GB,0
818,Gioachino,Ibáñez Pardo,43212638P,gioachino.ibanez818@example.com,0,541,ES,0
819,Cecilio,Palomares Echevarría,91378609T,cecilio.palomares819@example.com,1,1153,DE,0
820,Henriette,Oliveras Gual,67183855G,henriette.oliveras820@example.com,1,865,RU,1
821,Elodia,Figuerola Iglesias,55197831Q,elodia.figuerola821@example.com,1,1491,FR,1
822,Palmira,Canet Lucas,22183925B,palmira.canet822@example.com,1,936,ES,0
823,Leonel,Granados Sevilla,28194319E,leonel.granados823@example.com,1,1314,US,0
824,Modesta,Domínguez España,64860238P,modesta.dominguez824@example.com,1,853,ES,0
825,Asdrubal,Cases Meléndez,34766038C,asdrubal.cases825@example.com,1,1437,US,0
826,Terri,Pedro Gascón,12714560E,terri.pedro826@example.com,0,411,FR,0
827,Gonzalo,Galán González,63274030H,gonzalo.galan827@example.com,1,899,ES,0
828,Milagros,Belmonte Correa,87177322P,milagros.belmonte828@example.com,1,1129,US,0
829,Alfonso,Grande Saavedra,10567560A,alfonso.grande829@example.com,1,1328,IN,0
830,Mireia,Mancebo Galan,54962783M,mireia.mancebo830@example.com,1,731,RU,0
831,Uberto,Lorenzo Cerdá,25354844N,uberto.lorenzo831@example.com,1,693,MX,0
832,Germán,Franch Fabra,12621252W,german.franch832@example.com,1,609,IT,0
833,Ignazio,Amorós Antón,64556149W,ignazio.amoros833@example.com,0,18,US,0
834,Kimberly,Cañas Porras,50663682H,kimberly.canas834@example.com,0,1187,ES,0
835,Jovita,Castrillo Cerdá,57996713M,jovita.castrillo835@example.com,1,1042,JP,0
836,Lola,Esteban Tormo,59366799G,lola.esteban836@example.com,1,173,ES,1
837,Laura,Alfaro Moliner,98182312G,laura.alfaro837@example.com,1,31,ES,0
838,Édgar,Almansa Mateo,10709800B,edgar.almansa838@example.com,1,790,ES,0
839,Hella,Azcona Roca,58130892W,hella.azcona839@example.com,1,476,ES,1
840,Paulina,Quiroga Marti,41774084N,paulina.quiroga840@example.com,1,1204,ES,1
841,Victoria,Hernández Saavedra,67701057M,victoria.hernandez841@example.com,1,1421,GB,0
842,Eufemia,Samper Cerdán,46008033Y,eufemia.samper842@example.com,1,918,ES,0
843,Emil,Caballero Giner,14940830F,emil.caballero843@example.com,1,576,ES,0
844,Valentina,Cañas Teruel,25738160X,valentina.canas844@example.com,1,802,US,0
845,Esther,Parra Corral,52143986L,esther.parra845@example.com,1,1055,CN,0
846,Atilio,Costa Montoya,21603202S,atilio.costa846@example.com,1,803,ES,1
847,Maximiano,Machado Santos,44066832M,maximiano.machado847@example.com,1,688,ES,0
848,Gisbert,Tello Barroso,24851180W,gisbert.tello848@example.com,0,1436,ES,0
849,Raquel,Soto Benavente,30621608Y,raquel.soto849@example.com,1,527,GB,0
850,Michele,Nebot Tomas,81170566R,michele.nebot850@example.com,0,1043,CN,0
851,Renata,Carrera Codina,13777292Q,renata.carrera851@example.com,1,505,GB,1
852,Macarena,Palomino Ruano,57644908P,macarena.palomino852@example.com,1,360,ES,0
853,Dana,Codina España,12922260D,dana.codina853@example.com,1,368,DE,0
854,Trinidad,Avilés Fuster,24807785P,trinidad.aviles854@example.com,1,102,US,1
855,Roque,Amores Portero,31063665A,roque.amores855@example.com,1,1191,US,1
856,Valentina,Berenguer Catalán,90851962F,valentina.berenguer856@example.com,1,1319,GB,0
857,Eladio,Salas Guitart,76044797N,eladio.salas857@example.com,1,932,ES,1
858,Consuela,Ruiz Coll,23207859P,consuela.ruiz858@example.com,0,538,US,0
859,Carmina,Díaz Font,90034942Q,carmina.diaz859@example.com,1,479,ES,0
860,Daniele,Iglesia Alcaraz,40482833G,daniele.iglesia860@example.com,1,458,GB,0
861,Concha,Cadenas Soria,84969357C,concha.cadenas861@example.com,1,339,ES,0
862,Julie,Pinedo Castejón,15605430E,julie.pinedo862@example.com,1,1366,US,0
863,Iris,Pelayo Viña,49852079Q,iris.pelayo863@example.com,1,609,ES,0
864,Florencia,Carreño Noriega,87383550H,florencia.carreno864@example.com,1,787,US,0
865,Florencio,Tur Ballesteros,18629386F,florencio.tur865@example.com,1,134,ES,0
866,Natalio,Casals Campos,46329113Y,natalio.casals866@example.com,1,1233,US,0
867,Burghard,Villanueva Prats,31688171J,burghard.villanueva867@example.com,1,1295,FR,0
868,Adalberto,Tolosa Luna,43991814J,adalberto.tolosa868@example.com,1,1178,ES,0
869,Damián,Ferrera Redondo,41375066K,damian.ferrera869@example.com,1,1226,ES,0
870,Almudena,Checa Estevez,97818085M,almudena.checa870@example.com,1,1116,ES,1
871,Manuel,Alvarez Cortés,31487989T,manuel.alvarez871@example.com,1,231,CN,0
872,Borja,Parejo Izquierdo,97441529M,borja.parejo872@example.com,1,1130,ES,1
873,Camila,Vega Ibáñez,94624477Q,camila.vega873@example.com,1,453,US,0
874,Teófila,Almeida Lledó,97732630H,teofila.almeida874@example.com,1,1392,GB,0
875,Rico,Téllez Checa,12764819A,rico.tellez875@example.com,1,1300,US,0
876,Sebastian,Guardia Escolano,90061656G,sebastian.guardia876@example.com,0,1337,US,0
877,Vito,Dueñas Carnero,26554765T,vito.duenas877@example.com,1,32,US,0
878,Joséphine,Cózar Alegre,67916912M,josephine.cozar878@example.com,0,669,US,0
879,Eric,Sala Ribas,39155994N,eric.sala879@example.com,0,1104,BR,0
880,Alix,Aragonés Piquer,24682099V,alix.aragones880@example.com,0,891,ES,0
881,Reina,Boada Cisneros,33116273E,reina.boada881@example.com,1,996,ES,0
882,Américo,Juan Alberto,89687790A,americo.juan882@example.com,1,787,BR,0
883,Bonifacio,Boix Antón,63674225J,bonifacio.boix883@example.com,1,378,ES,0
884,Luciano,Lucena Ramón,42442992B,luciano.lucena884@example.com,1,119,IN,0
885,Delia,Pazos Guzman,39779326K,delia.pazos885@example.com,1,658,MX,0
886,Ismael,Arana Escribano,10492680B,ismael.arana886@example.com,0,589,ES,0
887,Alexandria,Sierra Pino,27994865R,alexandria.sierra887@example.com,1,694,ES,0
888,Adelaida,Canet Vidal,99878834T,adelaida.canet888@example.com,1,454,ES,0
889,Gil,Zamora Amorós,55963867Z,gil.zamora889@example.com,1,1226,ES,1
890,Carolina,Solís Hidalgo,82490232L,carolina.solis890@example.com,1,1088,ES,0
891,Manolo,Palmer Soriano,87794777M,manolo.palmer891@example.com,0,6,ES,0
892,Santos,Vilanova Iriarte,41558444C,santos.vilanova892@example.com,1,219,ES,1
893,Mattia,Olmo Giménez,38541090J,mattia.olmo893@example.com,1,254,ES,1
894,Rafaela,Pera Barriga,48324900Z,rafaela.pera894@example.com,1,288,ES,0
895,Heather,Lobo Villanueva,26033567M,heather.lobo895@example.com,1,462,ES,0
896,Susanita,Tello Toro,41179008S,susanita.tello896@example.com,1,776,MX,0
897,Jose Antonio,Guitart Sobrino,30957496W,jose antonio.guitart897@example.com,1,589,ES,0
898,América,Llanos Alberto,25489067F,america.llanos898@example.com,1,1113,JP,0
899,Teófila,Revilla Urrutia,82193948K,teofila.revilla899@example.com,1,701,GB,0
900,Martino,Tejera Diéguez,33459844L,martino.tejera900@example.com,1,567,ES,0
901,Miguela,Calleja Cuevas,49044556T,miguela.calleja901@example.com,1,925,ES,0
902,Toni,Barrio Prat,11655993F,toni.barrio902@example.com,0,1298,DE,0
903,Hector,Segovia Mariño,48365961C,hector.segovia903@example.com,0,1186,US,0
904,Olga,Gutiérrez Morcillo,10587204M,olga.gutierrez904@example.com,1,1052,ES,0
905,Agathe,Torrijos Arrieta,65042636Q,agathe.torrijos905@example.com,1,1057,ES,0
906,Emma,Elías Bermudez,86209873P,emma.elias906@example.com,1,924,ES,0
907,Jules,Berrocal Doménech,43572188E,jules.berrocal907@example.com,1,325,IN,0
908,Ana,Villalonga Macias,66818897X,ana.villalonga908@example.com,1,328,ES,0
909,Natalio,Carrillo Sabater,21014720B,natalio.carrillo909@example.com,0,185,RU,0
910,Teodosio,Peña Manzanares,10245645L,teodosio.pena910@example.com,0,1015,ES,0
911,Bibiana,Mateo Almansa,43829643S,bibiana.mateo911@example.com,1,1008,ES,0
912,Ismael,Amigó Pombo,81686474L,ismael.amigo912@example.com,1,711,DE,0
913,Haydée,Carro Doménech,60002672L,haydee.carro913@example.com,0,1249,ES,0
914,Nikolaus,Bello Arteaga,26766265S,nikolaus.bello914@example.com,1,773,US,1
915,Francisco,Checa Perera,79112407C,francisco.checa915@example.com,1,873,ES,0
916,Belén,Vigil Bertrán,87149151N,belen.vigil916@example.com,1,308,ES,0
917,Rodolfo,Cañellas Amo,17238154E,rodolfo.canellas917@example.com,0,625,DE,1
918,Andrés,Acero Rivera,75094419V,andres.acero918@example.com,1,768,ES,0
919,Isidoro,Rozas Huerta,67809386G,isidoro.rozas919@example.com,1,951,ES,0
920,Almudena,Ibarra Cánovas,54104538M,almudena.ibarra920@example.com,0,752,FR,0
921,Wesley,Prat Baeza,52330331H,wesley.prat921@example.com,1,773,MX,0
922,Cebrián,Amigó Batalla,73982709N,cebrian.amigo922@example.com,0,1013,ES,0
923,Renée,Ángel Santiago,34411769C,renee.angel923@example.com,1,1077,ES,0
924,Micaela,Bárcena Sanabria,85889347X,micaela.barcena924@example.com,1,272,ES,0
925,Ellinor,Palomares Aguiló,56958882A,ellinor.palomares925@example.com,1,1112,ES,1
926,Daniela,Sarabia Carvajal,39917067S,daniela.sarabia926@example.com,1,1145,ES,0
927,Marcia,Escribano Jordá,51087879A,marcia.escribano927@example.com,1,442,RU,0
928,Anita,Benavides Armas,92890417H,anita.benavides928@example.com,1,982,ES,0
929,Ángeles,Echeverría Cabeza,42060263W,angeles.echeverria929@example.com,1,653,GB,1
930,Isabelle,Narváez Granados,97447408L,isabelle.narvaez930@example.com,0,541,GB,0
931,Marisol,Barral Borja,14187846C,marisol.barral931@example.com,1,586,ES,0
932,Rosalía,Lledó Mariscal,94780700T,rosalia.lledo932@example.com,1,1194,US,1
933,Ezequiel,Laguna Ferrández,48040003H,ezequiel.laguna933@example.com,1,387,ES,1
934,Morena,Gimeno Anglada,74720852Q,morena.gimeno934@example.com,0,1169,ES,0
935,Charles,Patiño Ramírez,53763250Z,charles.patino935@example.com,1,913,US,1
936,Carmina,Pedro Andrés,46845890L,carmina.pedro936@example.com,1,76,ES,0
937,Fernanda,Vilar Rodriguez,13003257T,fernanda.vilar937@example.com,1,773,GB,0
938,Dante,Correa Escudero,19301767Y,dante.correa938@example.com,0,148,ES,0
939,Riza,Huguet Belmonte,50386525B,riza.huguet939@example.com,1,1473,MX,0
940,Trini,Zaragoza Arenas,15322647R,trini.zaragoza940@example.com,1,1300,ES,1
941,Domingo,Lillo Blanco,99046478Z,domingo.lillo941@example.com,0,1163,FR,1
942,Wilfriede,Saez Agullo,98292667M,wilfriede.saez942@example.com,0,251,MX,0
943,María Manuela,Pla Puente,15601851P,maria manuela.pla943@example.com,1,1447,FR,0
944,Casandra,Huguet Santiago,57887024A,casandra.huguet944@example.com,1,704,RU,0
945,Berta,Nuñez Ariza,45341320V,berta.nunez945@example.com,0,1102,ES,0
946,Alberto,Garriga Barroso,62722035T,alberto.garriga946@example.com,1,342,ES,0
947,Gabriele,Dominguez Prat,33281151J,gabriele.dominguez947@example.com,1,664,CN,0
948,Henryk,Fiol Murillo,53672586Q,henryk.fiol948@example.com,1,621,US,0
949,Teófilo,Lobo Figuerola,78117944P,teofilo.lobo949@example.com,1,2,ES,0
950,Paula,Montalbán Tenorio,55001896H,paula.montalban950@example.com,1,554,ES,0
951,Mikhail,Baró Mulet,75338454E,mikhail.baro951@example.com,1,1406,ES,0
952,Esmeralda,Sebastián Girón,14935901T,esmeralda.sebastian952@example.com,1,185,FR,0
953,Tina,Moliner Caparrós,80267595X,tina.moliner953@example.com,1,1265,FR,0
954,Tatiana,Salamanca Querol,56907368D,tatiana.salamanca954@example.com,1,1000,FR,0
955,Céline,Pastor Mosquera,78820493E,celine.pastor955@example.com,1,251,DE,0
956,Evelyne,Redondo Zurita,98002855Q,evelyne.redondo956@example.com,1,1408,ES,0
957,Chelo,Moraleda Salvador,54878747B,chelo.moraleda957@example.com,1,716,ES,0
958,Abigaíl,Larrañaga Ferrándiz,55732065Y,abigail.larranaga958@example.com,0,268,ES,1
959,Valeria,Piquer Dominguez,32674550Z,valeria.piquer959@example.com,1,886,ES,0
960,Michelangelo,Tolosa Carbó,17418332H,michelangelo.tolosa960@example.com,1,143,ES,0
961,Kira,Porcel Méndez,44808486R,kira.porcel961@example.com,1,1469,BR,0
962,Wálter,Bayo Nebot,40477751M,walter.bayo962@example.com,0,305,IN,0
963,Brandy,Guillén Calzada,83990971P,brandy.guillen963@example.com,0,229,RU,0
964,Iris,Muro Roig,81292588P,iris.muro964@example.com,0,569,US,0
965,Agathe,Páez Cantón,69713084S,agathe.paez965@example.com,0,853,ES,0
966,Virginia,Higueras Expósito,86121247R,virginia.higueras966@example.com,1,1084,ES,0
967,Agnolo,Segovia Prats,25602734P,agnolo.segovia967@example.com,1,783,ES,0
968,Amado,Prieto Cadenas,31022668S,amado.prieto968@example.com,0,863,ES,0
969,Robert,Navas Cáceres,84620114D,robert.navas969@example.com,1,1468,FR,0
970,Pánfilo,Expósito Cuenca,93415285A,panfilo.exposito970@example.com,1,399,GB,0
971,Elba,Arranz Cervera,30729711D,elba.arranz971@example.com,1,820,ES,0
972,Diane,Sierra Menendez,57546497Z,diane.sierra972@example.com,0,600,ES,0
973,Heraclio,Tolosa Herrero,70063527F,heraclio.tolosa973@example.com,0,57,DE,0
974,Mario,Menéndez Gallo,49466336Y,mario.menendez974@example.com,1,338,CN,0
975,Leonel,Borrell Adadia,79907278B,leonel.borrell975@example.com,0,920,ES,0
976,Liane,Feijoo Bosch,81881837C,liane.feijoo976@example.com,1,768,ES,0
977,Araceli,Tejada Hervás,11030280D,araceli.tejada977@example.com,1,1480,PT,0
978,Reynaldo,Bauzà Capdevila,69569193N,reynaldo.bauzà978@example.com,1,287,GB,0
979,Vinicio,Aguilar Riera,46597802D,vinicio.aguilar979@example.com,1,300,GB,0
980,Alex,Izaguirre Cózar,47244922R,alex.izaguirre980@example.com,1,373,MX,1
981,Arturo,Canet Gálvez,92604804L,arturo.canet981@example.com,1,1104,FR,0
982,Lamberto,Corominas Salinas,95353700R,lamberto.corominas982@example.com,1,407,ES,0
983,Corrado,Segura Borrell,45945898V,corrado.segura983@example.com,1,1139,CN,0
984,Manolo,Arenas Palacios,76238247D,manolo.arenas984@example.com,1,573,ES,0
985,André,Ferrer Lobato,67320791K,andre.ferrer985@example.com,1,999,US,0
986,Iwan,Palomares Garmendia,46686925F,iwan.palomares986@example.com,1,20,ES,1
987,Kimberly,Lobo Galan,69221065N,kimberly.lobo987@example.com,1,427,CN,0
988,Clímaco,Arroyo Calzada,97767299A,climaco.arroyo988@example.com,1,1251,ES,0
989,Domingo,Gálvez Pacheco,75101228H,domingo.galvez989@example.com,1,973,ES,0
990,Kimberly,Cobo Barba,95703134L,kimberly.cobo990@example.com,1,1011,RU,1
991,Lorena,Rojas Fuente,95281894R,lorena.rojas991@example.com,1,22,RU,1
992,Febe,Borrego Pinilla,61318602G,febe.borrego992@example.com,1,975,US,0
993,Mario,Torrent Maestre,80021034D,mario.torrent993@example.com,1,1367,ES,0
994,Leonardo,Ariño Frutos,69670564E,leonardo.arino994@example.com,0,397,US,0
995,Dylan,Briones Castilla,26487063X,dylan.briones995@example.com,1,183,GB,0
996,Thierry,Feijoo Nieto,80622961A,thierry.feijoo996@example.com,1,502,ES,0
997,William,Jiménez Lastra,57417388G,william.jimenez997@example.com,1,800,ES,1
998,Marcial,Pineda Diéguez,64933395W,marcial.pineda998@example.com,1,1104,IT,0
999,Mary,Ocaña Cáceres,46498781A,mary.ocana999@example.com,1,365,DE,0
1000,Henri,Galván Mulet,12377800M,henri.galvan1000@example.com,1,1282,ES,0
